inicio,fin,subtitulo
"00:00:42,870","00:00:47,041",El mundo. Casi 6 mil millones de personas.
"00:00:47,291","00:00:51,671",Cuando era niño había tres mil. Cuesta estar al día.
"00:00:53,340","00:00:56,218",Así está mejor. Esto es América.
"00:00:56,468","00:00:59,763",América sigue marcando los cánones del mundo.
"00:01:01,890","00:01:05,811","En Indiana, Clark Hodd. El mejor ala pivot del país."
"00:01:06,061","00:01:10,399",La semana pasada logró 100 puntos en un solo partido.
"00:01:10,649","00:01:14,779",Erica Sorgi... estará en las próximas Olimpiadas.
"00:01:15,905","00:01:18,742","Seattle. Dallas Malloy, 16 años."
"00:01:18,992","00:01:22,120",Una de las primeras boxeadoras.
"00:01:22,954","00:01:25,457",En este momento está pensando en su novio.
"00:01:26,333","00:01:29,169","Indio, California. Art Stallings."
"00:01:29,419","00:01:31,963",Vean qué perfección.
"00:01:32,464","00:01:36,093","Odessa, Texas... el gran Frank Cushman."
"00:01:36,469","00:01:41,891","En abril, 26 equipos se pelearán por ficharlo."
"00:01:42,141","00:01:44,602",Es mi cliente más importante.
"00:01:44,810","00:01:47,730",Sigue intentándolo.
"00:01:47,980","00:01:52,985",Hay un genio en cada lugar. Algunos lo consiguen...
"00:01:53,194","00:01:56,239",No tienes ni idea de golf.
"00:01:56,448","00:01:57,783",... otros no.
"00:01:59,701","00:02:02,120",Yo soy el tipo que no se ve.
"00:02:02,371","00:02:05,666",Estoy detrás de los bastidores. Soy el representante.
"00:02:05,916","00:02:08,627",Te voy a hacer daño este año.
"00:02:08,835","00:02:13,215","Si quieres un buen representante, las puertas están abiertas."
"00:02:13,423","00:02:15,218","De nada, Johnny."
"00:02:15,426","00:02:19,764",Voy a una reunión para hablar de ti. Mataría por ti.
"00:02:19,972","00:02:22,684",- Tenemos que ganar Super Bowls. - Mis respetos.
"00:02:23,476","00:02:24,936","Jerry, ¿cómo estás?"
"00:02:25,269","00:02:29,774",- ¿Cuánto va a costarme esto? - Ambos sabemos lo que te puedes permitir.
"00:02:30,024","00:02:32,318",Lo escribiré.
"00:02:32,568","00:02:33,611",14 millones x 5
"00:02:33,861","00:02:37,991",- No puedo pagar eso. - Ganar no es barato.
"00:02:38,784","00:02:42,579",Nuevo jugador y dueño de la foto.
"00:02:42,830","00:02:44,665",El de la izquierda soy yo.
"00:02:44,873","00:02:49,753",Aquí trabajo yo. La SMI. Sports Management International.
"00:02:51,380","00:02:54,134",Agentes guiando las carreras...
"00:02:54,342","00:02:59,180",... de 1. 685 atletas en activo.
"00:03:00,390","00:03:02,767",Yo dirijo las vidas y los sueños...
"00:03:02,976","00:03:06,813",... de 72 clientes y recibo 264 llamadas diarias.
"00:03:07,022","00:03:10,316",No pararé hasta que salgas...
"00:03:10,525","00:03:13,528",...en tu propio anuncio...
"00:03:13,778","00:03:17,533",...emitido durante la Super Bowl que estés ganando.
"00:03:17,783","00:03:20,119",Es lo que hago mejor.
"00:03:20,578","00:03:24,206",Me dí cuenta hace unos años y no dije nada.
"00:03:24,457","00:03:26,751",¿La chica tenía 16 ó 17?
"00:03:27,001","00:03:29,920","Al buscar la pasta gansa, muchas cosas estaban saliendo mal."
"00:03:30,171","00:03:35,510",No hay ninguna prueba de nada. Este tipo es un atleta sensacional.
"00:03:36,887","00:03:39,139",¿Es Calvin Nack? ¿Me firma el cromo?
"00:03:41,224","00:03:44,519","Lo siento, chaval, no puedo."
"00:03:44,770","00:03:49,733",- Sólo los de Pro-Jam Blue Dot. - Sólo quería un autógrafo.
"00:03:49,983","00:03:52,861","Últimamente, ha empeorado."
"00:03:54,071","00:03:56,616",¡Le han derribado!
"00:03:58,785","00:03:59,869","Hola, cielo."
"00:04:01,412","00:04:03,081",¿Sabe su nombre?
"00:04:10,046","00:04:14,968","Espere, ya me acuerdo. Mi nombre es Steve Remo."
"00:04:15,219","00:04:18,972",Juego para el Chicago. Esta señora es mi mujer.
"00:04:19,932","00:04:21,225",Hola cielo.
"00:04:21,475","00:04:24,978",Éste es mi hijo. Y éste es...
"00:04:27,022","00:04:28,315",Espere.
"00:04:29,358","00:04:31,568",Mi representante. Mi representante.
"00:04:31,777","00:04:35,824",He de jugar este fin de semana. He de jugar el 65% de mis partidos.
"00:04:36,074","00:04:39,577",Tengo que conseguir la prima.
"00:04:40,453","00:04:44,999","- Vale, Jesse, cuídate. - Sr. Maguire..."
"00:04:45,250","00:04:49,754",Ésta es la cuarta conmoción. ¿No debería parar?
"00:04:49,963","00:04:53,133",Haría falta un tanque para parar a tu padre.
"00:04:53,383","00:04:55,386",Harían falta los cinco...
"00:04:55,594","00:05:00,474",...Guerreros VR Super Trooper.
"00:05:00,725","00:05:01,892",¿Cierto?
"00:05:04,061","00:05:05,229",¿Cierto?
"00:05:06,981","00:05:08,566",Que le jodan.
"00:05:11,527","00:05:15,031",¿En quién me había convertido? ¿Otro tiburón trajeado?
"00:05:31,965","00:05:38,097",... los sueldos son descomunales y usted es uno de los responsables.
"00:05:38,348","00:05:41,309",Es un atleta sensacional.
"00:05:42,435","00:05:46,481","Dos días después, una conferencia en Miami, una iluminación."
"00:05:46,689","00:05:48,649",Tengo 18$ millones...
"00:05:48,900","00:05:51,778",¿Una alucinación? Una iluminación.
"00:05:52,028","00:05:55,656",- S ólo quería un autógrafo. - Que le jodan.
"00:05:57,242","00:06:00,913",No podía escapar de un solo pensamiento.
"00:06:02,748","00:06:04,666",Me odiaba...
"00:06:06,335","00:06:07,920","No, eso era."
"00:06:09,046","00:06:12,174",Odiaba mi lugar en el mundo.
"00:06:18,264","00:06:21,309",Tenía tanto que decir y nadie que me escuchara.
"00:06:23,436","00:06:25,313",Y entonces ocurrió.
"00:06:28,525","00:06:33,071","Fue la cosa más rara, más inesperada."
"00:06:33,321","00:06:38,077",Empecé a escribir una declaración de objetivos.
"00:06:38,327","00:06:41,789",Una sugerencia para el futuro de la empresa.
"00:06:43,207","00:06:47,837",Esto no pasa cada noche. Lo aproveché.
"00:06:49,755","00:06:53,592","Lo que empezó como una página, se convirtió en 25."
"00:06:53,843","00:06:57,014",Volvía a ser hijo de mi padre.
"00:06:57,222","00:07:01,393",Recordando los sencillos placeres de este empleo.
"00:07:01,601","00:07:05,897",Cómo suena un estadio cuando un jugador lo hace bien.
"00:07:06,148","00:07:10,610",Cómo debemos protegerlos en la salud y en las lesiones.
"00:07:10,861","00:07:14,990","Con tantos clientes, habíamos olvidado lo importante."
"00:07:15,490","00:07:20,288",Escribía y escribía... y ni siquiera soy escritor.
"00:07:20,538","00:07:25,418","Recordaba a mi mentor, Dicky Fox, que dijo:"
"00:07:25,668","00:07:29,714",La clave de este negocio son las relaciones personales.
"00:07:30,048","00:07:35,428","De repente, estaba claro. La respuesta era menos clientes."
"00:07:35,636","00:07:37,973",Menos dinero. Más atención.
"00:07:38,182","00:07:41,268",Cuidar de ellos y cuidar de nosotros.
"00:07:41,477","00:07:44,146",Empezar a vivir de verdad.
"00:07:44,396","00:07:49,401",Soy el primero en admitir que era sentimental.
"00:07:49,651","00:07:53,030",No me importaba.
"00:07:53,280","00:07:57,077",Era quien siempre había querido ser.
"00:07:59,662","00:08:03,458",Salí e imprimí hasta 110 copias.
"00:08:03,708","00:08:07,128",Incluso la portada parecía de El guardián entre el centeno.
"00:08:07,379","00:08:12,092",Lo titulé: Las cosas que pensamos y no decimos.
"00:08:12,342","00:08:14,594",El futuro de nuestro negocio.
"00:08:15,720","00:08:18,349",Así es como uno se hace grande.
"00:08:19,266","00:08:21,352",Con un par de pelotas.
"00:08:22,478","00:08:23,979",Gracias.
"00:08:25,481","00:08:29,860",- Todos recibieron una copia. - Algunos animales andan a dos patas.
"00:08:30,069","00:08:32,154",E llos no quieren la paz.
"00:08:33,197","00:08:37,577",La sociedad debe protegerse de las mentes retorcidas.
"00:08:53,301","00:08:54,344",Bum.
"00:08:56,805","00:08:59,684",Soy Jerry Maguire. Aquellos manuscritos...
"00:08:59,934","00:09:02,186",- ¿Salieron todos? - Sí.
"00:09:02,437","00:09:05,314","No, está bien."
"00:09:05,565","00:09:07,150",Gracias.
"00:09:35,554","00:09:37,807","Por fin, alguien lo ha dicho."
"00:09:40,185","00:09:43,229","Buen trabajo, Maguire."
"00:10:00,498","00:10:02,416",35 años...
"00:10:02,792","00:10:05,252",Había empezado mi vida.
"00:10:06,128","00:10:09,298",- ¿Cuánto tiempo le das? - Una semana.
"00:10:19,476","00:10:22,854",- ¿Estás con la gente del deporte? - Jerry Maguire de la SMI.
"00:10:23,105","00:10:27,150",Bobbi Fallon de la BPI. Hago los anuncios de Coca-Cola.
"00:10:27,401","00:10:29,319",Suerte.
"00:10:31,029","00:10:35,701",Mi hijo tiene alergia al tejido de las mantas.
"00:10:35,951","00:10:38,496","Es lo único que tenemos, ¿vale?"
"00:10:42,667","00:10:48,089",- Siento haber sido grosera. - Está bien. Ahora somos un equipo.
"00:10:48,381","00:10:52,301",¿Por qué es fácil hablar contigo? Háblame de tu novia.
"00:10:52,552","00:10:55,888",- Cambiemos de tema. - ¿Te declaraste?
"00:10:56,097","00:10:59,351","Cariño, ¿estás bien? ¿Quieres un zumo?"
"00:11:00,644","00:11:05,566",Gracias. Íbamos paseando.
"00:11:05,774","00:11:09,987",Llevaba el anillo en el bolsillo. Estaba un poco nervioso.
"00:11:10,821","00:11:13,115",Me dijo...
"00:11:13,365","00:11:16,493","...Fíjate: ""Date prisa, patoso""."
"00:11:16,702","00:11:21,458",Me molestó un poco. Me callé. Y ella se calló.
"00:11:21,708","00:11:26,337",Decidí no declararme. No estaba de humor.
"00:11:26,546","00:11:32,093",Pero sabía que ella sabía que me iba a declarar.
"00:11:32,343","00:11:33,386",Sabe que lo sé.
"00:11:33,595","00:11:36,389",- Regresamos al hotel. - Qué lástima.
"00:11:36,639","00:11:42,355",Yo no sabía que mi ayudante suponía que me había declarado.
"00:11:42,605","00:11:47,318",Pidió que tocaran la Marcha Nupcial cuando entráramos.
"00:11:47,568","00:11:51,072",- Me encanta. - Había jugadores de fútbol mirando.
"00:11:51,280","00:11:53,908",Incluso un equipo de la ESPN.
"00:11:54,158","00:11:57,578",Así que me volví hacia ella y le dije:
"00:11:57,828","00:12:00,582","""Diosa de la Escalada..."
"00:12:00,791","00:12:04,503","...¿quieres casarte conmigo?"""
"00:12:04,711","00:12:10,133",Saqué el anillo. No me gustan las grandes escenas...
"00:12:11,051","00:12:13,595","...pero dijo: ""sí"", allí mismo."
"00:12:13,804","00:12:16,807",Hasta los más duros lloraban.
"00:12:18,350","00:12:23,773",- Nos casamos en febrero. - Será para siempre.
"00:12:29,529","00:12:34,951","- ¿Qué pasa, mamá? - La primera clase, está mal."
"00:12:35,702","00:12:39,038","Antes se comía mejor, ahora se vive mejor."
"00:12:45,254","00:12:46,755",¿Ray?
"00:12:48,382","00:12:49,883","Ray, ¿dónde estás?"
"00:12:51,176","00:12:52,219","¡Vamos, buddy!"
"00:12:52,428","00:12:54,555",- Choca esos cinco. - ¿Ray?
"00:12:55,180","00:12:58,767","- Ray. - Perdone, ¿puedo ayudarla?"
"00:12:59,769","00:13:01,563",Jerry Maguire.
"00:13:02,188","00:13:05,316",Trabajo en su oficina.
"00:13:05,525","00:13:08,153","Lo sé, Dorothy Boyd, de contabilidad."
"00:13:08,361","00:13:13,491",En su mesa hay una foto de Einstein con el cuerpo de Shaquille O'Neal.
"00:13:14,993","00:13:16,745",No está mal.
"00:13:17,829","00:13:21,584","- ¿Qué has perdido? - ¡Mi hijo, mi cabeza!"
"00:13:22,501","00:13:26,172",¡Ray! ¡Ray!
"00:13:26,797","00:13:29,008","Escucha, Dorothy. ¿Dorothy?"
"00:13:29,216","00:13:32,678","Mientras voy a buscarlo, ¿por qué no coge a ese hombrecito?"
"00:13:41,188","00:13:44,066",Me has asustado.
"00:13:44,274","00:13:47,694","- No vuelvas a hacerlo nunca más. - Vale, mami."
"00:13:47,903","00:13:50,697","Nunca, nunca... más."
"00:13:50,947","00:13:52,282",- Dorothy...
"00:13:53,533","00:13:55,994",- Cuídese. - Muchas gracias.
"00:13:58,038","00:14:01,626",Me encantó su memorándum.
"00:14:03,753","00:14:05,838",- ¿De veras? - Sí.
"00:14:09,008","00:14:13,304","Gracias. En realidad, era una declaración de objetivos."
"00:14:13,554","00:14:16,891","A estas alturas, ese optimismo es un acto revolucionario."
"00:14:17,558","00:14:19,310",- ¿Eso crees? - Sí.
"00:14:19,519","00:14:23,565",Se lo agradezco. No sabía si debía escribirlo.
"00:14:23,816","00:14:29,196","Eran las dos de la madrugada, y algunas cosas eran..."
"00:14:29,822","00:14:34,243",Aquella parte que hablaba de abrazar algo virginal...
"00:14:34,451","00:14:36,078",Un segundo.
"00:14:36,286","00:14:41,710",...y forzar el comercio a ceder un poco a cambio del bien general.
"00:14:42,168","00:14:46,840",Me sentí inspirada. Y eso que soy contable.
"00:14:47,048","00:14:51,594","Quiero decir, respetarse a sí mismo como para decirlo en voz alta."
"00:14:51,845","00:14:56,224","Exponerse de esta manera, tan al desnudo."
"00:14:57,517","00:15:00,437",No sé... me llegó al alma.
"00:15:04,442","00:15:07,153",¿Le está molestando?
"00:15:07,403","00:15:10,865","No, esto es... estupendo."
"00:15:11,782","00:15:13,826","- Es estupendo. - ¡Uno, dos, tres!"
"00:15:14,410","00:15:16,704",¿Les llevo a algún sitio? ¿Quiere que les lleve?
"00:15:16,954","00:15:18,372",- ¿Qué? - ¿Te llevo?
"00:15:19,290","00:15:23,795","Ah, no. Seguro que acabaría arreglándole el día."
"00:15:24,046","00:15:27,966",Llevarnos hasta Manhattan Beach. Todos esos callejones...
"00:15:28,175","00:15:32,637",Desafiando al tráfico. Tu vida pasando ante tus ojos...
"00:15:33,805","00:15:37,392",- He bebido demasiado café. - No importa.
"00:15:37,642","00:15:42,565","Allí está mi hermana, Laurel, ha venido a recogernos."
"00:15:45,860","00:15:47,403",Ray...
"00:15:47,820","00:15:49,030",...Dorothy.
"00:15:49,697","00:15:51,115",Ha sido un placer.
"00:15:52,075","00:15:53,618",Adiós.
"00:16:01,627","00:16:04,713","Hola, Ray, oye. Estoy en doble fila, vamos."
"00:16:04,963","00:16:07,800",¿Sólo hay esto?
"00:16:09,218","00:16:12,262",- Ven. - ¿Dorothy?
"00:16:13,097","00:16:17,684",La que lo haya cazado debe de ser una chica con clase.
"00:16:19,686","00:16:24,401",No dejes de follarme.
"00:16:24,859","00:16:28,071",Tarde o temprano tendremos que parar.
"00:16:29,155","00:16:32,867",Nunca ha estado mejor. Nunca.
"00:16:33,118","00:16:35,662",Nunca mejor.
"00:16:39,082","00:16:40,792",Abre los ojos.
"00:16:41,042","00:16:46,424","Si quieres, lo haré con otra mujer, por ti."
"00:16:46,632","00:16:50,553",Ya no me interesa.
"00:16:51,011","00:16:53,931",Era una etapa. Cosa de estudiantes.
"00:16:54,181","00:16:57,643",Como unos Levi's rotos o tu carrera de Derecho.
"00:16:57,893","00:16:59,937",¿Quieres algo de la cocina?
"00:17:07,070","00:17:10,782",No tienes que contármelo todo.
"00:17:11,032","00:17:13,118",Eso es la intimidad.
"00:17:13,744","00:17:16,621",Mañana cenamos fuera.
"00:17:16,830","00:17:18,915",Sé lo de la fiesta.
"00:17:19,124","00:17:22,378",Tus amigos han trabajado duro.
"00:17:22,628","00:17:26,007",Irán los compañeros de la oficina.
"00:17:26,257","00:17:31,679","Calma, finge que estás sorprendido y pásalo bien."
"00:17:39,520","00:17:45,194","- Oh, Dios mío. ¡Tú, tú! - Lo siento."
"00:17:45,444","00:17:47,237",Jerry.
"00:17:48,072","00:17:49,782",¡Te cogí!
"00:17:53,494","00:17:58,499",- Oye colega. Enhorabuena. - Gracias.
"00:17:59,375","00:18:01,335",- Por ti. - Gracias.
"00:18:01,543","00:18:06,925",Y esto. El mejor puro de mi club.
"00:18:07,175","00:18:09,094","Así es la vida, chico."
"00:18:10,678","00:18:12,347",Todos te queremos.
"00:18:14,599","00:18:16,476",Me revienta.
"00:18:17,477","00:18:20,897","Sea un palurdo, un provinciano o un bicho raro."
"00:18:21,147","00:18:25,277","Joven o viejo, de Moscú, Londres o Memphis..."
"00:18:25,528","00:18:29,615",Jerry Maguire siempre será el rey del rock and roll.
"00:18:30,699","00:18:36,122",- Tu pequeña agenda negra. - Me hace palpitar el corazón.
"00:18:36,414","00:18:40,501",- Conozco bien a Jerry. - Jerry ¿te acuerdas de mí?
"00:18:40,960","00:18:42,503",Te veré mañana en el almuerzo.
"00:18:42,713","00:18:44,715",Era bueno en la cama.
"00:18:44,923","00:18:48,176",Esto es lo mejor de todo.
"00:18:48,427","00:18:52,806",... Jerry debería casarse. No estará solo.
"00:18:53,014","00:18:55,434",- No sabe estar solo. - No sabe.
"00:18:55,642","00:18:56,893",Es como una fobia.
"00:18:57,102","00:19:01,648","Jerry es muy buen amigo, pero no vale para intimar."
"00:19:01,857","00:19:04,986",No sabe estar solo.
"00:19:05,194","00:19:10,324",- No sabe decir: Te quiero. - Es un representante. Miente.
"00:19:10,533","00:19:13,995","- Yo también te quiero. - Eh, te quiero."
"00:19:14,203","00:19:16,748",- Yo también te quiero. Te quiero.
"00:19:17,081","00:19:18,124","Te quiero, tío."
"00:19:21,794","00:19:24,048",- Te quiero. - Te quiero.
"00:19:37,686","00:19:41,607","- Buenos días, Jenny. - Siento haberme perdido la fiesta."
"00:19:41,815","00:19:44,402",Buenos días. Marcee está aquí y tiene prisa.
"00:19:44,652","00:19:47,572",Llega tarde para su vuelo a Phoenix.
"00:19:48,740","00:19:50,867",- Marcee. - Lo conseguiste.
"00:19:51,117","00:19:53,286",Rod está decepcionado.
"00:19:53,536","00:19:56,081","- Tyson, no. - Vale."
"00:19:56,289","00:19:59,542",- Hola. - Cuánto tiempo sin verte.
"00:19:59,751","00:20:02,253",- Tyson. - ¿Cómo puedo mejorar vuestra vida?
"00:20:02,504","00:20:06,592","Jerry, no quiero ningún rollo."
"00:20:06,801","00:20:08,469",¿Dónde está la oferta de Arizona?
"00:20:08,719","00:20:12,014",- ¿Almorzará en Cronin's? - Éste es Bob Sugar.
"00:20:12,223","00:20:13,766",- Knock. - Placer.
"00:20:14,392","00:20:17,812",- Ha llamado a casa. - Siento haber interrumpido.
"00:20:18,896","00:20:23,819",Has de ganarte el 4%. Mi marido tiene una imagen.
"00:20:24,069","00:20:29,074",Ponerlo en anuncios de camas de agua es vulgar.
"00:20:29,282","00:20:34,037","Se merece: Calzado, coche, línea de vestir y refresco."
"00:20:34,287","00:20:36,915",Sé lo que hay que hacer.
"00:20:37,666","00:20:40,627",Nos licenciamos en marketing.
"00:20:40,877","00:20:42,003",Venimos a jugar.
"00:20:42,921","00:20:46,050",El hombre sucio ha vuelto.
"00:20:49,011","00:20:51,222","- Eh. - Eh, colega."
"00:20:54,642","00:20:56,227",¿Estás bien?
"00:20:58,146","00:21:02,483",- Estupendo. ¿Qué pasa? - He venido para que te vayas.
"00:21:03,819","00:21:07,156","- ¿Cómo? - He venido para despedirte, Jerry."
"00:21:12,661","00:21:14,913","Va en serio, deberías decir algo."
"00:21:23,213","00:21:24,591",Mierda.
"00:21:26,509","00:21:30,138",Un restaurante repleto para que no monte una escena.
"00:21:40,231","00:21:45,071",- Desagradecido... - Te lo has buscado...
"00:21:45,321","00:21:48,824","Dijiste menos clientes, lo decía el papel."
"00:21:49,075","00:21:52,703",¿Cómo crees que me siento despidiéndote?
"00:21:52,912","00:21:57,041",Lo he pensado toda la semana. Deja de pensar en ti por un segundo.
"00:21:58,876","00:22:00,669",- Perderás. - Querías menos.
"00:22:00,920","00:22:04,298","Ahora quiero todos mis clientes, y los tuyos también."
"00:22:05,759","00:22:06,885",Como quieras.
"00:22:25,238","00:22:27,573","Wendy, tráeme los teléfonos."
"00:22:42,964","00:22:44,716",- Cush. - Soy Sugar.
"00:22:44,967","00:22:51,140","Mira, eres el deportista más importante. ¿Qué se siente?"
"00:22:51,348","00:22:55,394","Yo sólo quiero jugar al fútbol. Papá, uno de los representantes."
"00:22:55,602","00:22:59,648","Wendy, sigue llamando a Cushman."
"00:22:59,857","00:23:01,734",Y tráeme los teléfonos.
"00:23:01,942","00:23:05,739",J.J. ¿qué pasa? ¿Has hablado con Maguire?
"00:23:05,989","00:23:09,951",Está acabado. He hablado con los Doritos de ti.
"00:23:10,201","00:23:12,620","Están muy interesados. Toma, habla con Rick."
"00:23:12,871","00:23:14,497",Martinez...
"00:23:14,748","00:23:18,585","Carlo, pagas el 25% de tu publicidad a la SMI."
"00:23:18,835","00:23:21,296",Recortaré el 7%.
"00:23:21,504","00:23:25,176","No sé si es por las drogas, pero el tipo se ha vuelto loco."
"00:23:25,426","00:23:29,430",No es un tipo para ti. ¿Qué tal tu madre?
"00:23:29,638","00:23:32,641",Te lo voy a poner muy fácil.
"00:23:32,892","00:23:35,770",¿Qué te dice el corazón?
"00:23:38,022","00:23:39,398",Siento tener que oír esto.
"00:23:44,403","00:23:49,367",- ¿Qué pasa? - Han despedido a Jerry Maguire.
"00:23:49,576","00:23:53,497","SMI, soy Cleo. ¡Hola!"
"00:23:58,335","00:24:00,295",Eso es un error.
"00:24:00,545","00:24:05,300",Estoy preocupado por tu familia y por tu futuro.
"00:24:05,510","00:24:08,846",Llevo mucho tiempo tratando con la SMI.
"00:24:09,055","00:24:11,724",¿Tienes idea de lo que es ser negro?
"00:24:11,933","00:24:14,394",¿Bob Sugar? Él es...
"00:24:14,644","00:24:17,063","Es entretenido, divertido."
"00:24:17,313","00:24:21,234",¿No sé qué es ser negro? Soy el Sr. Gente Negra.
"00:24:21,442","00:24:23,945",No lo pongas más difícil de lo que ya es.
"00:24:24,195","00:24:28,575","He de ser sincero, esto me duele profundamente."
"00:24:28,784","00:24:32,746",¿Recuerdas la bailarina de Laguna Beach? Se llamaba April.
"00:24:32,996","00:24:38,377",Recordar es lo mío. No es por dinero. Lo hago por ti.
"00:24:38,585","00:24:42,965",- Sigo esperando a Katarina. - Estoy hablando de mucho dinero.
"00:24:43,173","00:24:45,676",Fenomenal.
"00:24:45,885","00:24:49,013","¿Te quedas o te vas? Esto son negocios, no amistad."
"00:24:50,390","00:24:52,100",Estás en...
"00:24:53,560","00:24:57,522",- Está bien. - Quiero llorar por lo que te hicieron.
"00:24:58,231","00:25:02,902","Si no fuera por el pacto de Acura, sabes que iría contigo."
"00:25:03,111","00:25:07,742","Jerry. Ay, Dios."
"00:25:09,577","00:25:13,581",Tengo una llamada. ¿Quién podrá ser?
"00:25:13,789","00:25:16,167","- Hola, Kathy Sanders. - Soy yo."
"00:25:20,755","00:25:25,634","Kathy, ¿por qué lloras? Ah, estás conmigo."
"00:25:25,843","00:25:28,805","Rod, es Jerry Maguire."
"00:25:29,055","00:25:32,976",Jerry Maguire. ¿Qué te parece?
"00:25:33,226","00:25:36,646",Te diré. Estoy sudando. ¿Dónde está mi contrato?
"00:25:36,897","00:25:40,692",Bob Sugar dice que salgo perdiendo contigo.
"00:25:40,942","00:25:45,113",- ¿Oyes lo que te estoy diciendo? - Por eso te llamo.
"00:25:45,322","00:25:49,452","No, no... ¿Realmente oyes lo que digo?"
"00:25:49,660","00:25:54,665","- Te oigo, papá. - Tenemos que juntarnos."
"00:25:54,916","00:25:59,295","- Espera un segundo, Rod. - Atención personal..."
"00:26:00,171","00:26:05,593",- Eso se lo dijiste a mi mujer. - Eso es lo que dije.
"00:26:05,802","00:26:11,100",Bien. Empecemos por lo que necesitas saber.
"00:26:11,308","00:26:14,061",Mataría por ti.
"00:26:14,311","00:26:17,398",Soy un producto valioso.
"00:26:17,648","00:26:23,070","El tipo va a por mí y me digo, ""Coge el balón""."
"00:26:23,320","00:26:26,156",¡Touchdown! Hago milagros.
"00:26:26,407","00:26:28,201",¿Estás ahí?
"00:26:28,410","00:26:31,996",Soy de Arizona. He batido los récords de Arizona.
"00:26:32,247","00:26:35,458",Me fui al estado de Arizona.
"00:26:35,667","00:26:39,003",- Ahora quieres dólares de Arizona. - Exactamente.
"00:26:39,254","00:26:43,883",Estoy aquí con un problema de hormigas.
"00:26:44,134","00:26:46,594",El cuarto de mi hermano Tee Pee está inundado.
"00:26:46,845","00:26:49,932",- Rod. - Su habitación está inundada.
"00:26:50,182","00:26:51,725",Dile hola a Jerry Maguire.
"00:26:51,976","00:26:54,562","- Hola. - Hola, Tee Pee."
"00:26:54,770","00:27:00,192",Nadie se preocupa por mí.
"00:27:00,401","00:27:03,946",Se supone que soy una estrella.
"00:27:04,155","00:27:06,449",¿Estás conmigo o no?
"00:27:06,657","00:27:10,370",Te quedas con Bob Sugar.
"00:27:10,620","00:27:15,584",Soy un jugador ejemplar. He de dar de comer a mi familia.
"00:27:15,834","00:27:18,503",Quiero un contrato en Arizona.
"00:27:18,754","00:27:21,631",Me gustas.
"00:27:21,882","00:27:25,802",A mi mujer le gustas. Te portas bien con mi mujer.
"00:27:26,011","00:27:29,140",- Me quedaré contigo. - Eso es genial.
"00:27:29,390","00:27:30,641",- ¿Estás escuchando? - Sí.
"00:27:30,850","00:27:33,936","Eso es lo que voy a hacer por ti. Bendito seas, Jerry."
"00:27:34,145","00:27:37,732",Esto es lo que vas a hacer por mí.
"00:27:37,982","00:27:41,903",¿Qué puedo hacer por ti? Dime.
"00:27:42,153","00:27:46,074",Es personal y muy importante.
"00:27:46,324","00:27:48,035",Es el lema de la familia.
"00:27:48,243","00:27:49,620","- ¿Listo, Jerry? - Sí."
"00:27:49,870","00:27:51,914","Asegurándome de que lo estás, hermano."
"00:27:52,706","00:27:54,166",Allá va.
"00:27:56,043","00:27:57,711",Enséñame el dinero.
"00:28:00,047","00:28:01,215",Enséñame...
"00:28:02,091","00:28:05,344",... el...
"00:28:05,552","00:28:07,346",...dinero.
"00:28:08,348","00:28:10,433",¿No te hace sentir bien eso?
"00:28:10,892","00:28:14,395","- Repítelo conmigo, Jerry. - Te enseño el dinero."
"00:28:14,646","00:28:17,816","No, puedes hacerlo mejor."
"00:28:18,024","00:28:22,153",- Bob Sugar está en la otra línea. - Te enseño el dinero.
"00:28:22,362","00:28:26,825","- No, enséñame el dinero. - Enséñame el dinero."
"00:28:27,075","00:28:29,078",- Más fuerte. - Enséñame el dinero.
"00:28:29,286","00:28:32,123",- Tienes que decir esta parida. - Enséñame el dinero.
"00:28:32,331","00:28:36,001","- Más fuerte, Jerry. - Enséñame el dinero."
"00:28:36,210","00:28:38,838",Enséñame el dinero.
"00:28:39,380","00:28:42,716",Enséñame el dinero.
"00:28:42,925","00:28:46,178",- Quieres a este negro. - Quiero a este negro.
"00:28:46,387","00:28:49,516",- Enséñame el dinero. - Quiero a los negros.
"00:28:49,724","00:28:51,393",Quiero a los negros.
"00:28:51,643","00:28:55,355",- ¿Quién es tu hijo de puta? - ¡Tú eres mi hijo puta!
"00:28:55,564","00:28:59,860",- ¿Qué vas a hacer Jerry? - ¡Enséñame el dinero!
"00:29:00,485","00:29:02,863","Enhorabuena, sigues siendo mi representante."
"00:29:33,228","00:29:36,899","Bueno, no os preocupéis."
"00:29:38,692","00:29:41,278",No haré lo que creéis que voy a hacer...
"00:29:41,528","00:29:43,572",...¡volverme loco!
"00:29:48,368","00:29:51,706",Os diré...
"00:29:52,165","00:29:56,377",...cuando salga de esta oficina que ayudé a construir.
"00:29:56,628","00:29:59,339","Lo siento, pero la verdad es..."
"00:29:59,589","00:30:03,802",...que están los modales.
"00:30:05,386","00:30:07,764",Una forma de tratar a la gente.
"00:30:10,392","00:30:12,478",Estos peces tienen modales.
"00:30:12,728","00:30:15,356",Estos peces tienen modales.
"00:30:16,148","00:30:19,485",La verdad es que tendré mi propia empresa...
"00:30:19,735","00:30:22,696",...y me llevaré esos peces.
"00:30:22,947","00:30:25,908",Llamadme sentimental...
"00:30:26,117","00:30:29,121",...pero los peces se vienen conmigo.
"00:30:38,505","00:30:40,090",Vale.
"00:30:43,218","00:30:47,389",Si alguien más quiere venir conmigo...
"00:30:47,639","00:30:50,768",...es la oportunidad para hacer algo...
"00:30:51,018","00:30:54,188","...de verdad, divertido e inspirador..."
"00:30:54,397","00:30:57,191",...en este maldito negocio...
"00:30:57,442","00:30:59,944",...y lo haremos juntos.
"00:31:02,655","00:31:04,490",¿Quién se viene conmigo?
"00:31:04,741","00:31:06,367",¿Quién se viene conmigo?
"00:31:07,368","00:31:09,496",¿Quién se viene conmigo?
"00:31:13,333","00:31:17,254","¿Quién viene, además de Flipper?"
"00:31:23,802","00:31:25,888",Esto es vergonzoso.
"00:31:31,144","00:31:32,645",Muy bien.
"00:31:33,980","00:31:35,690",Wendy.
"00:31:36,107","00:31:38,818",¿Vamos?
"00:31:39,027","00:31:42,405",Faltan sólo tres meses para el aumento de sueldo.
"00:31:47,202","00:31:48,495",Vale.
"00:31:49,329","00:31:50,998",Vale.
"00:31:58,631","00:32:01,300",Me iré contigo.
"00:32:01,926","00:32:04,762","Dorothy Boyd, gracias."
"00:32:11,728","00:32:13,730",¿Ahora mismo?
"00:32:15,982","00:32:17,901",No lo hagas.
"00:32:24,032","00:32:25,826",Adiós.
"00:32:34,877","00:32:38,965",Nos volveremos a ver. Que duermas bien.
"00:32:41,008","00:32:43,761",Veremos qué tal les va sin nosotros.
"00:32:57,443","00:32:58,986",Gracias.
"00:33:00,112","00:33:03,031",¿Tendrás un seguro médico?
"00:33:03,282","00:33:05,659","Oh, claro."
"00:33:06,827","00:33:08,579",No sé.
"00:33:09,872","00:33:13,710",No te preocupes. Estaremos bien.
"00:33:13,960","00:33:16,171",Vamos a ser grandes.
"00:33:16,421","00:33:20,049",Vamos a ser grandes.
"00:33:53,126","00:33:55,295",Me pregunto lo que ha dicho.
"00:33:55,670","00:33:58,340",Mi tía oye mal.
"00:33:58,590","00:34:01,927","Ha dicho: ""Tú me completas""."
"00:34:23,491","00:34:27,745",Para apoyarnos el uno al otro...
"00:34:27,995","00:34:30,790",...hemos de escucharnos.
"00:34:30,998","00:34:35,546",Las mujeres no hemos aprendido que los demás pueden ser buenos.
"00:34:35,754","00:34:39,925",Nos vemos como enemigas. Competimos por los hombres.
"00:34:40,175","00:34:45,264","- Es verdad, es terrible. - Yo odiaba a las mujeres."
"00:34:45,472","00:34:49,643","Ahora os he conocido, y sois como yo."
"00:34:49,852","00:34:53,565",Es importante porque podéis ser amigas mías.
"00:34:54,190","00:34:57,026",- ¿Qué pasa con el seguro? - Claro.
"00:34:57,277","00:34:59,737",No puedes ser frívola.
"00:34:59,988","00:35:05,326","Si hubieras leído lo que escribió, también te irías."
"00:35:05,535","00:35:09,539",- ¿Cuánto valen los análisis del niño? - 150$.
"00:35:09,748","00:35:11,584",Eso si todo va bien.
"00:35:11,792","00:35:15,504",- ¿Dónde está Ray? - Dormido en el salón.
"00:35:15,713","00:35:17,757",La próxima vez que me sermonees...
"00:35:18,007","00:35:22,428",...no dejes a mi hijito solo con ese grupo de divorciadas.
"00:35:22,636","00:35:26,849",Por fin consigo enfadarme.
"00:35:36,026","00:35:38,320",¿Qué es lo que he hecho?
"00:35:39,738","00:35:43,325","Funcionar y funcionar. Seguir adelante, eso lo es todo."
"00:35:43,533","00:35:46,036",Cush todo lo consigue.
"00:35:46,286","00:35:50,707","Vete a Texas. Elige una estrella, y todos te seguirán."
"00:35:50,957","00:35:52,585",La lealtad no existe.
"00:35:52,835","00:35:56,130",Eso me lo dijiste tú mismo.
"00:35:56,339","00:36:00,051",- Intentaba acostarme contigo. - Pues funcionó.
"00:36:00,301","00:36:05,473",No permitiré que te salga mal. Tú eres Jerry Maguire.
"00:36:05,681","00:36:08,476",- Es cierto. - Llama el Rey de la Casa.
"00:36:08,726","00:36:11,604","- El Señor de la Sala de Estar. - Vale, vale."
"00:36:11,854","00:36:16,318","- Vale, esto funciona. - No eres un perdedor."
"00:36:18,278","00:36:23,575","- ¿Quién ha dicho ""perdedor""? - No es eso. ¿Nos vamos?"
"00:36:52,648","00:36:55,484","Estoy aquí atrás, Jerry."
"00:36:56,902","00:36:59,697",- ¿Quieres una bloody beer? - Estoy bien.
"00:36:59,947","00:37:02,158",Cerveza con zumo de tomate.
"00:37:02,783","00:37:04,243",Estoy bien.
"00:37:04,618","00:37:07,288",Hemos pasado mucho tiempo juntos.
"00:37:07,538","00:37:10,082",Sabes que tu hijo me importa.
"00:37:10,332","00:37:14,337",Me preocupa que si te quedas con la SMI...
"00:37:14,546","00:37:17,466",Hemos decidido quedarnos contigo.
"00:37:24,473","00:37:26,600",No soy muy cariñoso.
"00:37:27,434","00:37:29,311",No lo puedo evitar.
"00:37:29,519","00:37:34,609","Me dije a mí mismo: Si viene, nos quedamos con él."
"00:37:36,277","00:37:39,697","- Hey, Jerry. ¿Qué tal? - Hey, Cush."
"00:37:39,906","00:37:41,699",¿Cómo estás?
"00:37:42,533","00:37:44,660",- Te acuerdas de Keith. - Sí.
"00:37:44,869","00:37:49,415","Tiene que salir el primero, y quiero que juegue."
"00:37:49,624","00:37:53,212",Será en Denver o en San Diego.
"00:37:53,420","00:37:55,672",Iré en tabla de surf o en esquís.
"00:37:55,923","00:37:59,510",- En Denver tendría que estar. - Lo daría todo.
"00:37:59,718","00:38:04,640","Sabes que no firmo contratos, pero te doy mi palabra."
"00:38:06,391","00:38:08,894",Y es más fuerte que el roble.
"00:38:59,614","00:39:02,701",- Hola. - Jerry Maguire.
"00:39:02,909","00:39:07,372",- ¿Está Avery ahí? - Está en una reunión de la NFL.
"00:39:10,542","00:39:12,961",- Jerry. - ¿Diga?
"00:39:13,211","00:39:16,966",Mi hijo está aquí con la au pair.
"00:39:17,175","00:39:21,929",- ¿En la oficina? - ¿Au pair? Será puericultor.
"00:39:22,138","00:39:26,893",Me vine a casa a trabajar.
"00:39:27,101","00:39:29,604","Estupendo. Dorothy, volvemos."
"00:39:29,812","00:39:32,982","Estamos de vuelta, de vuelta."
"00:39:33,232","00:39:35,319",He recuperado a Cush. Ya está.
"00:39:35,527","00:39:38,989",- Me alegro mucho por ti. - Por nosotros.
"00:39:39,239","00:39:42,493",Por nosotros.
"00:39:42,826","00:39:45,370","Rod, deberías ir a los fichajes."
"00:39:45,579","00:39:49,875",Coge el avión. ¿De acuerdo?
"00:39:50,083","00:39:52,753",Bien. Nos vemos allí. - Que Dios te oiga.
"00:39:53,003","00:39:56,424",Avery estará a las 4: 15 en la puerta B.
"00:39:56,674","00:40:00,595",¿Sabes que una cabeza humana pesa cuatro kilos?
"00:40:01,721","00:40:07,143","Troy Aikman, lleva en pases 16.300 yardas en sólo seis años."
"00:40:08,144","00:40:13,108",- Ciertos animales huelen el peligro. - Tidwell se alojará en el Mariot.
"00:40:13,358","00:40:15,736",- ¿Él fuma? - No lo sé.
"00:40:15,986","00:40:21,325",Pete Rose hizo 4.256 bateos y no está en el Hall of Fame.
"00:40:21,575","00:40:25,830",¿Sabes que mi vecino tiene tres conejos?
"00:40:27,581","00:40:29,708",Con eso no puedo competir.
"00:40:31,460","00:40:34,339",- ¿Ya hemos hablado de todo? - Sí.
"00:40:34,589","00:40:38,009","- Vuelves el martes, ¿no? - Sí."
"00:40:40,345","00:40:43,181","Ray, deséame suerte."
"00:40:43,390","00:40:45,517",¡Suerte!
"00:41:04,745","00:41:08,040","- Hola, Rod. - Hola Jerry..."
"00:41:09,917","00:41:12,628","Hola, Cush."
"00:41:12,837","00:41:15,674",Deberíamos estar vendiéndolas.
"00:41:15,924","00:41:19,428","Es mi representante, puede que quieras un autógrafo."
"00:41:19,636","00:41:21,346",Se me cansa la mano.
"00:41:21,555","00:41:24,433",- Perdone. - ¿Qué pasa?
"00:41:24,641","00:41:26,435",¿Es usted Hootie?
"00:41:26,685","00:41:30,689","No, no soy Hootie."
"00:41:35,987","00:41:39,115","¿Qué va a ser, San Diego o Denver?"
"00:41:39,574","00:41:41,242",Haré surf o esquiaré.
"00:41:45,371","00:41:47,665",Irá en tabla de surf o esquiando.
"00:41:54,839","00:41:59,053","Rod, por fin te encuentro."
"00:41:59,261","00:42:03,307","¿Qué hago aquí, Jerry? Esta no es mi fiesta."
"00:42:03,516","00:42:08,729",- Nadie da un duro por mí. - Vamos hacia el vestíbulo.
"00:42:08,938","00:42:14,360",Quiero que la prensa y todos te vean por lo que tú eres.
"00:42:14,568","00:42:17,614",El secreto mejor guardado de la NFL.
"00:42:18,782","00:42:23,787","Tú eres el mejor receptor. Eres rápido, feroz y carismático."
"00:42:23,995","00:42:26,832",Tú eres el hombre. ¿Estás listo?
"00:42:27,040","00:42:27,916",Vamos.
"00:42:28,083","00:42:29,793",Caminemos.
"00:42:30,919","00:42:34,005",El más feroz. Tú eres el hombre.
"00:42:38,886","00:42:40,054",¿Dónde está Cush?
"00:42:40,304","00:42:44,308",Qué bien que pudieras quedarte con Cushman.
"00:42:44,559","00:42:49,981","Quiero presentaros a Rod Tidwell, 110 recepciones, 1.550 yardas."
"00:43:08,709","00:43:13,547",Ahora quiero hablar de Rod Tidwell. Un fiero receptor.
"00:43:24,142","00:43:27,771",He hecho todo este camino para pasearme por el vestíbulo.
"00:43:28,354","00:43:30,106",Puede que incluso funcione.
"00:43:30,356","00:43:34,027","¿Ah, sí? Volvamos a hacerlo."
"00:43:36,030","00:43:40,534",Ahí filman un anuncio de Reebok. ¿Y mi publicidad?
"00:43:40,743","00:43:45,122","Chevy no me quiere, Pepsi no me quiere."
"00:43:45,372","00:43:48,918",No tengo amor de Nike ni del Energenizer Bunny.
"00:43:49,168","00:43:51,879","Obviamente, Reebok no me dio amor."
"00:43:52,129","00:43:56,468",- ¿Te conté alguna vez lo de Reebok? - Tengo que ver a Cushman.
"00:43:56,718","00:44:01,973","Oh, tu cheque de oro. Te lo voy a poner fácil."
"00:44:02,182","00:44:03,892","A Reebok, que le den por culo."
"00:44:04,142","00:44:06,978","Me ignoran, como siempre."
"00:44:07,229","00:44:09,064",Siempre lo ha hecho.
"00:44:09,481","00:44:14,277",¿Sabes lo que fue fantástico allí abajo? Que descargaras ese chip...
"00:44:14,486","00:44:16,154",...en tu hombro...
"00:44:16,405","00:44:18,866",Te has abierto a la gente.
"00:44:20,451","00:44:22,328",Has estado de lo más brillante.
"00:44:23,454","00:44:24,831",- ¿Brillante? - Brillante.
"00:44:25,081","00:44:28,584",- ¿De verdad? - Hasta mañana.
"00:44:28,835","00:44:32,713",- Ahora empiezas a quererme. - Te estoy enseñando la pasta.
"00:44:32,964","00:44:36,927","Sólo quería ponerte a prueba, pero oírte decir esto..."
"00:44:37,177","00:44:40,514","...hace que te quiera cielo, ¿sabes?"
"00:44:40,722","00:44:42,850","Jerry, vuelve."
"00:44:46,311","00:44:48,105",- ¿Qué tal el vuelo? - Bien.
"00:44:48,355","00:44:50,399",- ¿Qué talla tienes? - La 12 y medio.
"00:44:50,607","00:44:54,278","Si encuentras tu talla, coge unos zapatos de al lado de la puerta."
"00:45:01,703","00:45:05,582","Cush, Matt, tenemos que tomar una decisión."
"00:45:06,958","00:45:11,546",San Diego acaba de llegar con una noticia de última hora. Grande.
"00:45:11,796","00:45:13,715",Tiene que llegar a número uno.
"00:45:13,923","00:45:18,721",San Diego quiere ficharlo.
"00:45:18,929","00:45:23,309","- ¿Qué le ha pasado a Denver? - Antes de fichar, es la locura."
"00:45:23,517","00:45:24,977","San Diego, Matt..."
"00:45:25,227","00:45:29,857",...ofrece siete años por 30. Y una prima de ocho.
"00:45:30,065","00:45:33,736",- ¿Desconecto el teléfono? - Malditos periodistas.
"00:45:33,944","00:45:37,365","Diles: ""Sin comentarios""."
"00:45:38,283","00:45:41,369",No se me da bien hablar y no decir nada.
"00:45:43,079","00:45:45,332",Déjame a mí...
"00:45:45,582","00:45:49,628","Si es para ti, es un placer. Soy Cush."
"00:45:51,087","00:45:54,800","Soy Sugar. ¿Está Maguire ahí? Si está, absorbe."
"00:45:55,008","00:45:58,554",Ahora estás con los grandes.
"00:45:58,763","00:46:02,809",Tengo el acuerdo que querías.
"00:46:03,059","00:46:06,562",Esto son negocios y no amistad. Tienes que ser fuerte...
"00:46:06,813","00:46:09,148",... porque ahora eres global.
"00:46:09,357","00:46:13,277",¿De acuerdo? Hasta luego.
"00:46:17,699","00:46:19,243",Sin comentarios.
"00:46:26,208","00:46:29,044",- Lo ha hecho fatal. - Sales en la tele.
"00:46:29,294","00:46:32,005",Estoy harto de mí.
"00:46:43,935","00:46:48,648","Antes de regresar a Denver, pongamos algo por escrito."
"00:46:48,898","00:46:51,442",Un contrato con Jerry Maguire.
"00:46:51,693","00:46:54,112","Ahora mismo no, Jerry."
"00:47:00,327","00:47:03,998","¿Sé todo lo que hay que saber, Matt?"
"00:47:07,460","00:47:10,713",¿No habrás hablado con Bob Sugar?
"00:47:11,338","00:47:15,092",Denver sólo quiere tratar con él.
"00:47:15,926","00:47:18,805",¿Quién lo dice? ¿Sugar?
"00:47:19,764","00:47:21,224",Aprendo sobre la marcha.
"00:47:21,808","00:47:26,980",¿Dejas que trabaje a mis espaldas?
"00:47:27,272","00:47:29,316",Lo siento...
"00:47:31,026","00:47:34,154",- Yo quiero a mi hijo. - ¡Yo también le quiero!
"00:47:34,863","00:47:39,410",Llevé a Denver a 20 millones.
"00:47:39,660","00:47:43,831",Escuchaste a Sugar. Bob Sugar es un crío.
"00:47:44,040","00:47:47,752",¿Le abriste la puerta a esa víbora?
"00:47:50,463","00:47:55,843","Bueno, oye, es la novatada. Yo arreglaré lo de Denver."
"00:47:56,093","00:47:59,139",No has firmado nada con Sugar ¿verdad?
"00:48:01,517","00:48:05,979",¿Matt? Dime que no has firmado.
"00:48:07,022","00:48:09,733",¿Qué ha sido de...
"00:48:09,983","00:48:13,904","...""mi palabra es más fuerte que el roble""?"
"00:48:15,572","00:48:18,450",Hemos firmado hace una hora.
"00:48:19,327","00:48:23,206",Estabas en el vestíbulo con aquel negro.
"00:48:26,084","00:48:29,754","Lo siento, Jerry. Sólo quiero jugar al fútbol."
"00:48:32,757","00:48:37,387","- ¿Cómo le doy la vuelta? - Cariño, ya no tiene remedio."
"00:48:37,595","00:48:40,015",¿Qué te he hecho?
"00:48:40,266","00:48:42,059",Siempre eres tú ¿verdad?
"00:48:42,268","00:48:47,314","""Ayúdame, sálvame, quiéreme"". Tengo trabajo."
"00:48:47,565","00:48:49,567",Siempre con prisas.
"00:48:49,817","00:48:53,362",Somos vendedores. Vendemos.
"00:48:53,571","00:48:57,366",No vale un apretón de manos...
"00:48:57,616","00:49:00,704","..."" ¡Hay que vender! ¡Hay que firmar!"""
"00:49:00,912","00:49:03,582",Bienvenida a mi pesadilla.
"00:49:03,790","00:49:06,209",¿No se puede ser honesta?
"00:49:06,418","00:49:11,465",- Preferiría lealtad. - ¿Qué dijimos cuando nos conocimos?
"00:49:11,673","00:49:13,592",Una verdad brutal. ¿Recuerdas?
"00:49:14,468","00:49:16,970","Creo que tú añadiste ""cruda""."
"00:49:17,220","00:49:22,602",Esa sensibilidad que tienen algunos. Yo no la tengo.
"00:49:22,852","00:49:25,980",No lloro cuando voy al cine ni me emocionan los bebés...
"00:49:26,230","00:49:28,191",...yo no adelanto la Navidad...
"00:49:28,441","00:49:32,069",...y no le digo a un hombre que acaba de arruinarse:
"00:49:32,278","00:49:35,948","""Oh, pobrecito"". Así soy yo, en la salud y en la enfermedad."
"00:49:36,199","00:49:37,992",Pero te quiero.
"00:49:42,039","00:49:45,459","- Avery, hemos terminado. - No lo he oído."
"00:49:46,418","00:49:50,005",- Falta algo. - Tú nunca has estado solo.
"00:49:50,214","00:49:52,132",- Escucha. - No sabes estar solo.
"00:49:52,341","00:49:55,010",Hemos terminado.
"00:49:57,971","00:50:00,850",Nunca nadie ha cortado conmigo.
"00:50:02,018","00:50:04,187",No pretendo hacer historia.
"00:50:05,063","00:50:08,650",Escalé El Capitán...
"00:50:08,900","00:50:13,154",...en 18 horas y 23 minutos. Esto puede funcionar.
"00:50:16,157","00:50:17,992",No.
"00:50:18,868","00:50:21,122","Oh, Jerry."
"00:50:29,672","00:50:32,383",Nunca he querido hacerte daño.
"00:50:41,977","00:50:47,399","No dejaré que me hagas daño, Jerry. Soy demasiado fuerte para ti."
"00:50:52,737","00:50:56,074",Encaja los golpes. Mañana será otro día.
"00:50:57,826","00:50:59,286",¡Taxi!
"00:50:59,703","00:51:02,206",Ahora me quieres ¿verdad?
"00:51:02,915","00:51:05,585",Mucho. Taxi.
"00:51:05,835","00:51:09,297",¿No hemos ido en limusina?
"00:51:09,505","00:51:14,927","Espero no parecerme demasiado a un psiquiatra, pero..."
"00:51:15,803","00:51:20,726",- ¿Qué te pasa? - Soy una gran decepción.
"00:51:20,934","00:51:25,272",Todos lloran en esta emisión.
"00:51:25,689","00:51:28,358","Si eres positivo, deja de doparte."
"00:51:28,901","00:51:34,323",¿Echas de menos a tu hija? ¿Por qué abandonaste a su madre?
"00:51:34,531","00:51:39,620",La prensa no entiende las presiones de 54 millones llegan con...
"00:51:39,870","00:51:44,542","- Esto es una mierda. - ¿Qué haces conmigo, Rod?"
"00:51:45,210","00:51:50,381",- ¿Qué? - ¿No te das cuenta? Estoy acabado.
"00:51:50,840","00:51:53,510",Estoy jodido.
"00:51:53,843","00:51:56,846","Hace 24 horas, estaba a tope."
"00:51:57,055","00:51:58,723",Ahora...
"00:51:59,390","00:52:01,477",...estoy para el arrastre.
"00:52:01,727","00:52:07,149",¿Ves la americana que llevo? Ya no la necesito. Soy un fracaso.
"00:52:07,399","00:52:10,569",He perdido el primer fichaje.
"00:52:10,778","00:52:12,738",¿Por qué? Recapitulemos.
"00:52:12,947","00:52:17,576",Porque un jugador de hockey me ha hecho sentirme como una basura.
"00:52:17,785","00:52:21,915","Unas pizzas malas, a dormir y me vino la conciencia."
"00:52:22,332","00:52:26,586",Pobrecito.
"00:52:28,880","00:52:31,299","Tengo diez años, como mucho."
"00:52:31,550","00:52:36,805",Mi próximo contrato ha de ser grande.
"00:52:37,055","00:52:39,474",Podría salir en cinco años.
"00:52:39,724","00:52:42,103",¿De qué vivirá mi familia?
"00:52:42,395","00:52:45,356",¿Qué me has traído?
"00:52:45,606","00:52:47,567",No me interesan tus historias.
"00:52:47,817","00:52:52,738","""He perdido a Cush y a Avery""..."
"00:52:52,989","00:52:55,575","Otra bebida, por favor."
"00:52:55,825","00:52:58,828",Cualquiera te habría abandonado ya...
"00:52:59,078","00:53:02,416",...pero yo sigo contigo.
"00:53:02,666","00:53:06,503",Te voy a marcar como El Zorro hasta que me enseñes la pasta.
"00:53:06,753","00:53:09,214",Hasta que me enseñes la pasta.
"00:53:11,758","00:53:16,305",Estamos juntos en esto. ¿Me oyes? Vamos a ser uno.
"00:53:18,265","00:53:21,018",Los dos juntos. ¿Te enteras?
"00:53:21,269","00:53:23,605",Dios mío.
"00:53:27,817","00:53:30,695",No tienes mensajes.
"00:53:56,555","00:54:01,435",Va a venir. Acaba de perder a su mejor cliente. Le invité a venir.
"00:54:01,645","00:54:07,067",Eso no es un tío. Es un síndrome. Es el síndrome de los cuarenta...
"00:54:07,275","00:54:12,155",...no me dejes solo. Llamaré a mi asistente síndrome.
"00:54:12,364","00:54:16,785",- Pero si eso es lo que quieres... - Tiene novia.
"00:54:17,035","00:54:21,540","Y por primera vez, hago algo en lo que creo."
"00:54:22,041","00:54:24,961",Vale. Pero mejor será que no sea guapo.
"00:54:31,217","00:54:32,927","Hola, soy Jerry Maguire."
"00:54:34,220","00:54:38,850",Hola. Eres tal como me había imaginado.
"00:54:39,142","00:54:43,272",- Soy la hermana desaprobadora. - Honestidad.
"00:54:44,022","00:54:45,065",Gracias.
"00:54:47,484","00:54:50,112",Gracias. Dorothy.
"00:54:53,240","00:54:56,994","Dorothy, tu jefe está aquí."
"00:54:57,494","00:54:58,871",Hola.
"00:55:03,042","00:55:04,544",Hola.
"00:55:04,752","00:55:07,422",- Gracias por invitarme a tu casa. - Cómo no.
"00:55:07,672","00:55:11,176",¿Dónde está el chavalín?
"00:55:11,426","00:55:13,219",- Está durmiendo. - Durmiendo.
"00:55:15,513","00:55:20,935",Me alegro de que estés en casa. Estar solo no es mi especialidad.
"00:55:21,853","00:55:22,938",Dios mío.
"00:55:27,735","00:55:30,362","Bueno, he cortado con Avery."
"00:55:36,076","00:55:40,915","- Lo siento. - No, es mejor así."
"00:55:41,165","00:55:45,795","Seguiremos siendo amigos. Es mejor ahora, que más tarde."
"00:55:48,882","00:55:52,469","- Me estoy muriendo, ¿no? - Sí, tienes un corte profundo."
"00:55:52,677","00:55:56,014",Imagínate que le hubiera regalado el anillo que ella quería.
"00:56:02,103","00:56:04,357",¿Por qué no te sientas?
"00:56:07,109","00:56:11,030",Voy a buscar un poco de crema para el corte.
"00:56:11,697","00:56:14,617",- ¿Tienes algo para beber? - Claro.
"00:56:20,832","00:56:21,874",Ya lo he oído.
"00:56:22,083","00:56:26,255",No digas. Vi tus zapatos debajo de la puerta.
"00:56:26,463","00:56:30,634",Este tío busca a cualquiera que le muestre un poco de interés.
"00:56:31,552","00:56:33,846",No cojas esos. Coge las jarras heladas.
"00:56:34,096","00:56:35,848",- Gracias. - De nada.
"00:56:36,056","00:56:40,060",- He calentado un poco de pollo. - Te quiero.
"00:56:40,310","00:56:44,858","Ya no diré nada más, pero ¿y Ray?"
"00:56:45,108","00:56:48,778",No debería oír la voz de un desconocido en casa.
"00:56:48,987","00:56:52,949","- La voz de un borracho. - ¿Y las diez mujeres amargadas, qué?"
"00:56:54,617","00:56:57,579",Inclínate. Ya lo tengo.
"00:56:57,829","00:57:00,665",Aún se puede comer. Cámbiate el jersey.
"00:57:07,590","00:57:09,216","Hola, Jerry."
"00:57:10,968","00:57:15,931","Hola, Ray. ¿No tendrías que estar durmiendo?"
"00:57:16,140","00:57:17,391",Sí.
"00:57:18,476","00:57:22,521","No te preocupes, no diré nada."
"00:57:23,440","00:57:26,943",La cabeza humana pesa cuatro kilos.
"00:57:37,954","00:57:40,832",- Jerry Maguire. - Creo que es éste.
"00:57:43,418","00:57:48,216","Deberías estar soñando conmigo, pensando en mí constantemente."
"00:57:48,424","00:57:52,553",Entonces es cuando fluiría el dinero.
"00:57:52,762","00:57:56,808",- ¿Quién es? - Rod Tidwell.
"00:57:57,058","00:57:59,310",¿Y mi representante?
"00:57:59,519","00:58:02,605",- Mi representante y yo somos uno. - ¿Eres futbolista?
"00:58:03,105","00:58:07,402",¿Un futbolista? Soy un maestro de cole que te dará una paliza.
"00:58:07,611","00:58:09,321",¡Dile a Jerry que se ponga!
"00:58:09,530","00:58:13,075",No puedes enamorarte de alguien así.
"00:58:13,325","00:58:15,118",- Sé práctica. - ¿Práctica?
"00:58:15,327","00:58:18,914",¿Qué jersey? Cuello de cisne o escotado.
"00:58:19,122","00:58:23,962",¿Qué están haciendo las otras chicas de mi edad ahora mismo?
"00:58:24,170","00:58:27,549",Salen por ahí para pescar hombres.
"00:58:27,757","00:58:31,803",Intentan enganchar a uno. Yo intento criar a un hombre.
"00:58:32,178","00:58:37,600",Éste. Roger hace que me acuerde de ello las 24 horas del día.
"00:58:37,809","00:58:42,272",- He tenido tres amantes en 4 años. - No está mal.
"00:58:42,522","00:58:47,194",Todos ellos a mucha distancia de un buen libro y un baño caliente.
"00:58:47,403","00:58:51,615",Soy la mujer más vieja con 26 años.
"00:58:51,866","00:58:53,951",- ¿Qué tal estoy? - Bien.
"00:58:54,618","00:58:55,995",¿Sí? Gracias.
"00:58:56,203","00:59:00,666",El 72% de los nuevos compradores son afro-americanos.
"00:59:00,875","00:59:05,213",- Hablas demasiado. - Es una forma de comunicación.
"00:59:05,422","00:59:08,758",- Ha sido divertido hablar contigo. - Jerry...
"00:59:09,718","00:59:13,388",- Te haré un bocadillo de jamón. - Quiero decirte algo.
"00:59:13,597","00:59:17,726","- Me alegro de que me escuches. - Bueno, te quiero."
"00:59:17,976","00:59:20,729",...represión como religión.
"00:59:20,937","00:59:25,026",Cuando mi padre se jubiló de la United Way después de 38 años dijo:
"00:59:25,276","00:59:30,239","""Ojalá me hubiesen dado una silla más cómoda""."
"00:59:30,573","00:59:32,158",Cuando mi padre murió...
"00:59:32,366","00:59:36,746",Mi madre me llevó al zoo y me encantó. Y...
"00:59:36,954","00:59:38,080",Espera.
"00:59:38,372","00:59:43,127","- Déjame hablarte sobre mi padre. - No, vamos al zoo."
"00:59:46,507","00:59:47,925",Bueno vale.
"00:59:48,217","00:59:52,554",Siempre he intentado hablar. Sencillamente hablar.
"00:59:52,804","00:59:55,265",Hablar de verdad.
"00:59:55,516","00:59:59,353",Nadie me quiere escuchar. ¿Sabes a lo que me refiero?
"00:59:59,561","01:00:03,607",- Siempre te miran. - Vamos al zoo. Ahora.
"01:00:03,816","01:00:08,571","Al zoo... el puto zoo está cerrado, Ray."
"01:00:11,533","01:00:13,576","Has dicho ""puto""."
"01:00:14,702","01:00:16,704","Sí, eso he dicho."
"01:00:17,205","01:00:19,457",- He dicho... - No diré nada.
"01:00:22,418","01:00:27,341","Bueno, entonces tendré que llevarte al zoo."
"01:00:28,759","01:00:33,639","- Voy a la cama, ya viene mi mamá. - Espera..."
"01:00:34,849","01:00:37,685",Oigo a mi mamá. Voy a dormir.
"01:00:38,227","01:00:41,105",- Gracias por escucharme. - De nada.
"01:00:43,023","01:00:47,571","Aquí estoy con comida, bebida y te he llamado un taxi."
"01:00:50,115","01:00:53,952","- Buena idea. - Silencio, el niño duerme."
"01:00:56,204","01:00:57,247",Claro.
"01:00:58,165","01:00:59,207",Por nuestra empresa.
"01:01:03,461","01:01:08,426","Antes de irme, un discurso."
"01:01:13,723","01:01:18,561",No te preocupes por el futuro.
"01:01:18,895","01:01:23,858",Tú y tu hijo estáis bien.
"01:01:24,108","01:01:25,944",Todavía tienes trabajo.
"01:01:26,528","01:01:31,575",Pero te voy a decir una cosa sobre Jerry Maguire.
"01:01:31,825","01:01:35,996","Si vas a por mí, saldrás perdiendo."
"01:01:36,747","01:01:41,418",Soy un luchador.
"01:01:42,085","01:01:47,509","Dorothy Boyd, estás con El Señor de la Sala de Estar."
"01:01:47,842","01:01:50,803",El Rey del Reino.
"01:01:51,054","01:01:53,264",Y yo estoy...
"01:01:57,310","01:01:58,394",...borracho.
"01:02:07,947","01:02:09,740",Nos volvemos a ver.
"01:02:24,213","01:02:25,256",Ven aquí.
"01:02:35,350","01:02:36,852",¿La verdad?
"01:02:38,603","01:02:43,316","- Sí claro. - Me importa el trabajo, está claro."
"01:02:43,525","01:02:46,946",Pero lo que más aprecio es la inspiración.
"01:02:49,031","01:02:52,493",- Yo también. - Lo que has escrito me inspira.
"01:02:55,788","01:02:59,208",Trabajo contigo por el memorándum.
"01:03:01,002","01:03:02,879",Me encantó.
"01:03:06,758","01:03:08,802",Fue una declaración de objetivos.
"01:03:22,316","01:03:23,775",Bueno...
"01:03:24,401","01:03:27,113",Perdona lo de la mano.
"01:03:31,075","01:03:33,786",¿Sabes lo que siento?
"01:03:34,078","01:03:37,749",No estás totalmente incómodo...
"01:03:37,999","01:03:41,169",...pero sabes que mañana lo estarás.
"01:03:41,377","01:03:44,422","No te procupes, jefe."
"01:03:45,089","01:03:47,301","Mierda, has dicho jefe."
"01:03:47,510","01:03:50,930","- Sí, eso he dicho. - Ahora me siento Clarence Thomas."
"01:03:51,138","01:03:55,643",- No te sientas como Clarence Thomas. - Me siento como él.
"01:03:55,851","01:04:00,564",- Te estoy acosando. - No creo que te demande.
"01:04:13,453","01:04:15,831",- Buenas noches. - Buenas noches.
"01:04:18,875","01:04:21,878",No te preocupes.
"01:04:24,130","01:04:27,885",Voy a conseguir a mi único cliente...
"01:04:29,428","01:04:32,181",...y vamos a llegar lejos.
"01:04:33,850","01:04:37,478",Porque he vuelto.
"01:04:39,856","01:04:42,191",No te preocupes.
"01:04:57,499","01:05:01,795",- Buena caza. - No puedes...
"01:05:03,088","01:05:05,132",Muy bien. Buen trabajo.
"01:05:08,094","01:05:13,141","- Hablemos del contrato, Dennis. - Estaré en El Crocodile a las ocho."
"01:05:14,184","01:05:15,560",Apuesta a que sí.
"01:05:35,581","01:05:36,874",Gracias.
"01:05:37,082","01:05:40,836",¿Qué pasó anoche? Creía que éramos amigos.
"01:05:41,045","01:05:45,382",- Me surgió algo. - Vale. 10 millones por cuatro años.
"01:05:45,591","01:05:48,720",- Estás soñando. - Diez por cuatro.
"01:05:50,388","01:05:55,060",- Tiene un problema de actitud. - A mí me escucha.
"01:05:55,268","01:05:59,731",- Es un renacuajo. - Batió récords el año pasado.
"01:05:59,940","01:06:03,985","Quiero un prototipo de receptor, 1,90 metros y 100 kilos."
"01:06:04,194","01:06:07,447",No a un mierda que da problemas.
"01:06:07,656","01:06:11,035","Dennis, te estoy pidiendo..."
"01:06:12,703","01:06:13,788",...un favor.
"01:06:14,455","01:06:19,627",Yo te presenté a tu mujer. Siempre juntos en Navidad.
"01:06:19,836","01:06:23,965","- En vacaciones. - Jerry, te estás pasando."
"01:06:24,173","01:06:28,804","Te pido un favor. Tenemos un pasado común, Dennis."
"01:06:29,012","01:06:33,851","Sí, desde luego. Siempre subiéndome los precios."
"01:06:34,059","01:06:39,481","- Ahora te toca sufrir a ti. - Dennis, no me..."
"01:06:44,069","01:06:48,575",He hablado con Dennis Wilburn sobre tu renegociación.
"01:06:52,912","01:06:54,205",¿Hablado?
"01:06:54,664","01:07:00,086","A Jerry Rice, Andre Reed y Chris Carter, les doy 100 vueltas."
"01:07:01,171","01:07:03,882",Pero están haciendo un dineral.
"01:07:04,132","01:07:08,804",Ellos se llevan el quan. Y tú sólo estás hablando.
"01:07:12,183","01:07:15,978","- ¿Quan? ¿Es tu palabra? - Sí, es mi palabra."
"01:07:16,187","01:07:20,149","Esos desgraciados podrán tener pasta, pero nunca tendrán el quan."
"01:07:20,357","01:07:21,483",¿Qué es?
"01:07:21,692","01:07:27,114","Es amor, respeto, clase y dinero. El paquete completo."
"01:07:29,284","01:07:30,327",El quan.
"01:07:31,411","01:07:32,579",Buena palabra.
"01:07:34,664","01:07:37,584","- ¿Una toalla? - No, me seco al aire."
"01:07:39,127","01:07:44,549","Escucha, Rod, te digo esto con todo el respeto."
"01:07:45,800","01:07:49,597",Esos jugadores que mencionas son auténticas figuras.
"01:07:51,265","01:07:55,186",- Este trato... - Figuras.
"01:07:55,394","01:07:59,065",Esto es una renegociación.
"01:07:59,273","01:08:02,735",Demuéstrales que disfrutas el juego.
"01:08:02,944","01:08:05,780",Entierra esa actitud y enséñales...
"01:08:06,030","01:08:07,406",Espera.
"01:08:07,823","01:08:11,578",- Me dices que les baile el son. - No.
"01:08:12,287","01:08:16,250",Vuelve a lo que eras cuando empezaste a jugar.
"01:08:16,458","01:08:21,380",Cuando eras un niño ¿Era el dinero lo más importante?
"01:08:22,256","01:08:23,674",¿Era eso? ¿Eh?
"01:08:24,800","01:08:25,926",¿Era eso?
"01:08:28,095","01:08:31,641",Tú haz lo tuyo. No me pidas que baile.
"01:08:31,891","01:08:33,685","- Muy bien. - ¡Oye, oye!"
"01:08:33,893","01:08:35,603",Soy un atleta.
"01:08:35,854","01:08:38,273",- No soy una atracción. - Vale.
"01:08:38,481","01:08:43,903",No bailo y no participo en pretemporadas sin contrato.
"01:08:44,445","01:08:48,116","- Vale, vale, vale. - Jerry, habla conmigo."
"01:08:49,284","01:08:52,037","Respira, Jerry."
"01:08:54,540","01:08:56,959",Estoy haciendo todo por ti.
"01:08:57,751","01:09:00,838",Tú no sabes lo que es eso.
"01:09:01,046","01:09:05,176",La batalla de los madrugones y de tragarte el orgullo.
"01:09:05,384","01:09:09,138","Así que no te lo puedo ni explicar, ¿sabes?"
"01:09:12,475","01:09:13,935","Dios, ayúdame."
"01:09:15,061","01:09:18,106","Ayúdame. Ayúdame, ayúdate."
"01:09:19,399","01:09:23,069",Ayúdame a ayudarte.
"01:09:23,737","01:09:26,656",Ayúdame a ayudarte.
"01:09:33,581","01:09:35,208",Perdona.
"01:09:36,334","01:09:40,421",Estás colgando de un hilo finísimo.
"01:09:41,464","01:09:43,549",Te tomo el pelo.
"01:09:45,426","01:09:49,639",No hay contrato. Ayuda. Yo ayudo a todo el mundo.
"01:09:50,057","01:09:54,561",- Este es mi hombre. - Por lo menos te hago reír.
"01:09:54,770","01:09:57,064",¡Ayúdame!
"01:09:58,732","01:10:02,945","- Te veo en Los Angeles. - Jerry, venga, hombre."
"01:10:03,403","01:10:06,198",Eso es lo que nos diferencia.
"01:10:06,406","01:10:10,202","No estamos peleando, por una vez estamos hablando."
"01:10:14,916","01:10:19,045","Si no quieres a nadie, no puedes vender a nadie."
"01:10:28,972","01:10:33,894",Dennis Wilburn manda su oferta para Tidwell por fax el jueves temprano.
"01:10:34,103","01:10:37,940",- Dijo que te alegraría. - ¿Alegraría o pondría contento?
"01:10:39,483","01:10:42,319","Contento, dijo contento."
"01:10:43,487","01:10:48,158",- Contento es buena señal. - No nos vendría mal la comisión.
"01:10:48,367","01:10:52,372",He hecho un balance de tu situación económica.
"01:10:55,667","01:11:00,505",- Devaluaron la casa. - No me tienes que explicar nada.
"01:11:01,214","01:11:04,801",Siento lo de anoche.
"01:11:05,010","01:11:06,970",¿Qué es lo que pasó?
"01:11:07,179","01:11:10,432",Esto es una relación de trabajo.
"01:11:10,640","01:11:13,060",Me alivia que dijeras eso.
"01:11:13,269","01:11:16,606",Me sentía muy solo...
"01:11:16,814","01:11:19,150",...y me pareció que tú me entendías.
"01:11:20,151","01:11:22,987",Tenemos que pensar en nuestra empresa.
"01:11:23,196","01:11:26,240",No lo haré nunca más.
"01:11:26,657","01:11:29,827",- Bien. - Dejaste tu empleo por mí.
"01:11:30,077","01:11:32,080",¿Cómo es posible?
"01:11:33,081","01:11:34,249",Exactamente.
"01:11:35,626","01:11:39,546",Sé que ahora mismo necesitas estar solo y pensar en tus cosas.
"01:11:39,755","01:11:42,883",Intentar descubrir lo que ha pasado y arreglarlo.
"01:11:43,133","01:11:45,761",Solo.
"01:11:46,345","01:11:48,055","Solo, solo."
"01:11:54,062","01:11:57,732",- ¿Quieres salir a cenar? - Conozco un sitio.
"01:11:57,941","01:12:02,445",Rompí con ese perdedor y empezó a acosarme.
"01:12:02,654","01:12:07,033",- ¿Qué quieres decir con eso? - Aparecía sin ser invitado.
"01:12:07,534","01:12:12,248","""¿Venir sin estar invitado?"" Así que tu Romeo te acosa."
"01:12:23,092","01:12:25,386","Perdón, señoras."
"01:12:26,762","01:12:31,433",Buenas noches. Estoy buscando a Dorothy Boyd.
"01:12:31,935","01:12:36,648","- Está en la cocina. - Laurel, hola."
"01:12:37,983","01:12:42,445",- ¿Adónde la llevas esta noche? - ¿Haces de niñera?
"01:12:43,405","01:12:45,824",- De au pair. - ¿Au pair?
"01:12:51,454","01:12:52,623",Le gustas mucho.
"01:12:54,292","01:12:57,378","Ray, te he traído unas cositas."
"01:12:58,421","01:13:01,883",¿Te gustan los regalos?
"01:13:02,592","01:13:06,554",De los Cardinals de Arizona. Es el equipo donde juega Rod.
"01:13:06,762","01:13:10,266","- ¿Qué es, tu colada? - ¿Una gorra de los Steelers?"
"01:13:10,474","01:13:13,020",- ¿Para mí? - Compré algunas cosas.
"01:13:13,228","01:13:15,772","- Tengo otra en gris. - Gracias, Jerry."
"01:13:16,023","01:13:19,693",Es un placer. Mira lo que traje.
"01:13:19,902","01:13:23,155",Y también tengo chocolate. Energía para toda la noche.
"01:13:23,363","01:13:27,701","Huy, eso no es buena idea. Dámelo a mí."
"01:13:30,662","01:13:33,374","Oye, parece que tienes un fan."
"01:13:35,501","01:13:39,589","Eso es más que un vestido, es una película de Audrey Hepburn."
"01:13:39,797","01:13:44,010",Creo que me he emocionado pensando en una noche entre adultos.
"01:13:44,219","01:13:47,222","Jerry, éste es Chad. Chad, Jerry."
"01:13:47,430","01:13:50,683",¿Voy bien así?
"01:13:55,064","01:13:57,399",Que no se acueste muy tarde.
"01:13:57,608","01:14:02,071",Le voy a enseñar lo que es jazz.
"01:14:02,279","01:14:04,532","Muy bien, así no tardará en dormirse."
"01:14:06,242","01:14:08,077",Yo también quiero ir.
"01:14:08,285","01:14:13,625","No, tú te quedas con Chad y te portas bien. Dame un beso."
"01:14:14,626","01:14:16,127",Vámonos.
"01:14:18,547","01:14:20,173",- Buenas noches. - Buenas noches.
"01:14:20,382","01:14:22,384",Dame un abrazo.
"01:15:04,469","01:15:07,639",- Espera en el coche. - De acuerdo.
"01:15:07,890","01:15:09,892",Se te olvidan las llaves.
"01:15:10,100","01:15:14,355",Ray le besa como a un padre.
"01:15:14,814","01:15:19,194",¿No te conmueve? Debe de necesitarlo mucho.
"01:15:19,402","01:15:23,907","No llores al principio de una cita. Llora al final, como yo."
"01:15:25,074","01:15:28,286",Y no seas tampoco el hombro sobre el que él llore.
"01:15:28,578","01:15:31,206","- Las llaves. - Oh, las llaves."
"01:15:32,665","01:15:34,335","Ay, Dios."
"01:15:59,945","01:16:03,740",Desde que me conoces he estado...
"01:16:08,662","01:16:13,083","Fue por dejadez, por lo que rompí con Avery."
"01:16:13,291","01:16:17,964",Nunca ocurre así como así. Siempre tiene alguien la culpa.
"01:16:18,172","01:16:22,176","Lo vas trabajando, como lo haces en tu carrera."
"01:16:22,385","01:16:26,597","Quizás, el amor no debería dar tanto trabajo."
"01:16:27,807","01:16:30,017","Sí, a lo mejor."
"01:16:31,143","01:16:36,066",Pero no se dice adiós todos los días a una mujer como ella.
"01:16:38,318","01:16:41,572","- ¿Una canción para los enamorados? - No, gracias."
"01:16:41,780","01:16:47,202","- No, no, trabajamos juntos. - Esto es una reunión de negocios."
"01:16:47,995","01:16:50,038",Te comprendo perfectamente.
"01:16:50,622","01:16:56,045",No es que mi matrimonio con Roger fuera bueno. Incluso antes.
"01:16:58,548","01:17:00,258",¿Antes?
"01:17:02,218","01:17:04,554",- Jerry. - ¿Qué?
"01:17:05,471","01:17:08,600","Jerry, no nos contemos nuestras historias tristes."
"01:17:13,271","01:17:16,775",Vuelvo dentro de un segundo ¿vale?
"01:17:46,181","01:17:49,851",Pican. Deja a Chad que cace la abeja con un vaso.
"01:17:50,060","01:17:55,107",No le va a hacer daño. Tienes tan buen corazón.
"01:18:23,428","01:18:26,807","Bien, buenas noches."
"01:18:27,474","01:18:28,892",Buenas noches.
"01:18:29,810","01:18:32,646",Te veo mañana. Será un gran día.
"01:18:59,008","01:19:00,092",Buenas noches.
"01:19:01,844","01:19:03,304",Buenas noches.
"01:19:35,463","01:19:36,505",Ay.
"01:19:41,135","01:19:45,014",- Déjame arreglarlo. - Buena idea.
"01:20:39,530","01:20:42,157",Creo que no deberías entrar.
"01:20:43,701","01:20:46,328",O sí que deberías.
"01:20:48,622","01:20:53,627",- Según cómo te sientas. - Lo mismo te digo.
"01:20:56,214","01:20:58,425","No, yo tengo que entrar."
"01:20:59,759","01:21:01,761",Vivo aquí.
"01:21:09,728","01:21:11,146",Eso es verdad.
"01:21:15,817","01:21:17,403",Voy a entrar.
"01:21:19,655","01:21:21,365",De acuerdo.
"01:21:30,291","01:21:33,044",¿Estás seguro de que lo queremos?
"01:21:37,174","01:21:39,092","Por favor, sí."
"01:21:48,769","01:21:52,105","- ¿Se ha portado bien? - Sí, está durmiendo."
"01:21:52,314","01:21:56,401","- ¿Qué tal con el deportista? - Bien, hasta ahora."
"01:21:57,946","01:22:00,031",Muy bien.
"01:22:05,036","01:22:06,621",Chad ¿qué tal estás?
"01:22:09,332","01:22:10,708",Trátala bien.
"01:22:15,255","01:22:17,049",Es estupenda.
"01:22:21,470","01:22:26,725","A lo mejor es violento, pero me gustaría que usaras esto."
"01:22:27,476","01:22:29,395","Por favor, Chad..."
"01:22:31,105","01:22:35,943",Es Miles Davis y John Coltrane.
"01:22:36,485","01:22:39,030",Estocolmo 1963.
"01:22:39,614","01:22:44,119","Dos maestros de la improvisación, antes de la corrupción de su arte..."
"01:22:44,327","01:22:47,205",...por músicos de salón que...
"01:22:47,414","01:22:52,836",...acabaron con el único legado americano...
"01:22:54,629","01:22:56,423",...el Jazz.
"01:22:57,884","01:23:00,636",Hay algo de Mingus también.
"01:23:08,227","01:23:13,441","- Sin barreras, sin fronteras. - Vale Chad, ya lo entiendo."
"01:23:46,726","01:23:48,186",Ven.
"01:24:06,914","01:24:10,292",Esto lo va a cambiar todo.
"01:24:13,504","01:24:15,089",¿Me lo prometes?
"01:24:21,221","01:24:23,848",¿Pero qué música es ésta?
"01:24:57,967","01:25:01,722",Me encanta levantarme por la mañana y decir:
"01:25:01,930","01:25:03,724","""¡Hoy será un gran día!"""
"01:25:06,602","01:25:10,480",Perfecto. ¿Ya tienes lo que querías?
"01:25:23,536","01:25:26,205",Voy a decirle que se levante.
"01:25:26,581","01:25:30,168",¿Por qué? Estoy esperando el café.
"01:25:30,793","01:25:33,421",- Dime sólo una cosa. - No.
"01:25:36,925","01:25:38,134",- ¿Por qué? - Estoy preocupada...
"01:25:38,343","01:25:43,766",Estoy preocupada por si este tío tiene emociones o es una piedra.
"01:25:43,974","01:25:46,602","- Por favor, si empiezo a hablar... - ""Por favor"", tú."
"01:25:46,810","01:25:50,064",Es una oportunidad y la cojo ¿vale?
"01:25:50,272","01:25:55,569",- Este tío está hundido. - A lo mejor me estoy aprovechando.
"01:25:55,778","01:25:58,949",¿Soy por eso una mala persona?
"01:25:59,157","01:26:04,579","Encontré a alguien popular y encantador, no tan bueno conmigo y murió."
"01:26:04,871","01:26:07,040",¿Por qué iba a dejar pasar...
"01:26:07,249","01:26:11,962","...a este tío, si me lo pide el cuerpo?"
"01:26:12,170","01:26:15,298",- Cálmate. - Sólo quería saber los detalles.
"01:26:16,508","01:26:18,552",¿Por qué no lo dijiste?
"01:26:19,053","01:26:23,349","Bueno, a lo mejor te interesa este preciso detalle."
"01:26:23,558","01:26:26,060",Estaba a punto de decirte...
"01:26:27,687","01:26:30,022",Le quiero.
"01:26:31,315","01:26:35,736",Le quiero. Y no me importa lo que tú pienses.
"01:26:35,945","01:26:39,031",Le quiero por el hombre que es...
"01:26:39,283","01:26:42,452",...y por el que casi es.
"01:26:42,661","01:26:45,872","Le quiero, Laurel. Le quiero."
"01:26:46,123","01:26:49,626","- Le quiero. - Hola, Jerry."
"01:26:52,212","01:26:53,839",Haz como si nada.
"01:26:59,429","01:27:02,765",- Dime que no estaba ahí. - No estaba ahí.
"01:27:03,016","01:27:04,851",Oh Dios.
"01:27:05,101","01:27:08,187","- Tranquilas, señoras. - ¿Quieres café, Jerry?"
"01:27:09,105","01:27:13,401",No gracias. Los que estamos hundidos preferimos cereales.
"01:27:14,027","01:27:18,615",- Vamos a tomar Apple Jacks. - Apple Jacks es lo bueno.
"01:27:21,201","01:27:22,995","Buenos días Dorothy, cariño."
"01:27:25,748","01:27:26,916",Buenos días.
"01:27:27,458","01:27:29,835",- ¿Qué pasa hoy? - Mucho.
"01:27:30,044","01:27:33,881",Recibimos un fax. Necesitamos esta comisión.
"01:27:34,256","01:27:36,342",¿Quieres leche?
"01:27:38,677","01:27:40,305",Salud.
"01:27:47,437","01:27:50,523",Estuviste muy bien esta mañana.
"01:27:51,566","01:27:56,613","Vamos a por una buena oferta, para mudarnos a..."
"01:27:56,863","01:27:59,282",...una oficina de verdad.
"01:27:59,491","01:28:02,203","Si no te importa, gracias."
"01:28:10,628","01:28:12,213",Mierda.
"01:28:18,094","01:28:22,266","¿1,7 por tres años? Nos merecemos mucho más."
"01:28:22,474","01:28:25,394",Volveré a hablar con ellos.
"01:28:25,602","01:28:29,398","¿Y decirles qué? ""¿Sacadme la polla del culo?"""
"01:28:29,606","01:28:32,943","Perdona, es que estoy embarazada."
"01:28:33,151","01:28:38,282","- Tengo ganas de llorar, Jerry. - No te dejes abatir."
"01:28:38,490","01:28:42,704",- Nos las apañaremos. - ¿Cómo puedes estar tan tranquilo?
"01:28:42,912","01:28:46,583",No te dejes abatir.
"01:28:46,791","01:28:50,128",Tú deberías estar abatido.
"01:28:50,336","01:28:53,339",- Quiero hablar con Bob Sugar. - Marcee...
"01:28:56,175","01:29:00,931",- ¿Quieres dejarme? - Los agentes hablan mierda.
"01:29:01,140","01:29:03,183",¿Qué te propones exactamente?
"01:29:03,392","01:29:08,564",¿Qué te parece integridad? Hay tanta codicia en el mundo...
"01:29:08,772","01:29:11,734",...que ya no sé qué decirle a mi hijo.
"01:29:11,942","01:29:15,279","Pero este tío no grita: ""Enséñame la pasta""."
"01:29:15,487","01:29:20,492",¿Sabes que está arruinado y trabajando para vosotros gratis?
"01:29:21,536","01:29:24,789","Arruinado, arruinado, arruinado."
"01:29:25,415","01:29:29,961","- Perdón, yo no insulto tan bien. - No ha estado tan mal."
"01:29:30,170","01:29:32,088",No jodas.
"01:29:33,381","01:29:35,842",Os voy a enseñar una cosa.
"01:29:39,429","01:29:44,185","- Mira. Rod, lee esto. - No, no, no."
"01:29:44,685","01:29:48,564","Es importante, Jerry."
"01:29:48,981","01:29:51,234","Lo aprecio mucho, pero..."
"01:29:51,442","01:29:54,820",Deberías estar orgulloso.
"01:29:55,529","01:30:00,785","Dime qué quieres que haga. Que coma pan y cebolla, los como."
"01:30:01,912","01:30:04,831",Dime que esto es lo mejor que podemos conseguir.
"01:30:05,040","01:30:08,418",- ¿Lo que podamos conseguir? - Hablo con mi agente.
"01:30:08,627","01:30:14,049",Lo que vamos a hacer es esto. Rechazar ese contrato de mierda.
"01:30:14,508","01:30:19,930",Termina el que tienes ahora y el año que viene estarás libre.
"01:30:20,764","01:30:26,104","Chato, es por nosotros. Tú y yo. Nosotros decidimos nuestro valor."
"01:30:26,396","01:30:28,690",Tú eres un espléndido...
"01:30:28,898","01:30:32,569","...hombre negro. Superviviente, fuerte y orgulloso."
"01:30:35,154","01:30:36,573",Marcee...
"01:30:37,699","01:30:39,867",...eres la leche.
"01:30:43,038","01:30:44,873","Oh, cielo."
"01:30:47,418","01:30:52,548","- Si te lesionas, te hundirás. - No pasará, soy mentalmente fuerte."
"01:30:56,010","01:31:00,848","- Rod, es un riesgo. - Tú apuesta por mí, como yo por ti."
"01:31:07,105","01:31:10,108",¿Sabes?
"01:31:13,653","01:31:15,822","¿Sabes, cielo?"
"01:31:17,365","01:31:21,161","- Estás tan loco. - Te quiero, cielo."
"01:31:22,496","01:31:25,291",- Déjame besarte esa cabeza. - Gracias.
"01:31:34,091","01:31:38,679",- Cogeré ese trabajo en San Diego. - No hables de eso todavía.
"01:31:39,013","01:31:44,436",- No puedes pagarme. - Voy a encontrar algo para Tidwell.
"01:31:44,770","01:31:48,565",- Me niego a sangrarte. - Seguiremos a flote.
"01:31:48,774","01:31:53,237",Seguiremos a flote. No te vayas.
"01:31:53,445","01:31:57,241","- Rod, súbete al camello. - Me llevas jodiendo todo el día."
"01:31:57,449","01:32:00,244",- Es mi cliente. - Que se suba al camello.
"01:32:00,452","01:32:03,164",- Lo haré. - No necesitamos un camello.
"01:32:03,373","01:32:07,752",- Es un camello Chevrolet. - ¿Ves?
"01:32:07,961","01:32:10,964",- Siente cómo sufro. - Súbete al camello.
"01:32:11,172","01:32:16,094",- Lo retiro de esto. - Manda al camello por ahí.
"01:32:16,302","01:32:19,973",- No es lo que me imaginaba. - ¿Se largan?
"01:32:20,181","01:32:22,058",Exacto. Larguémonos.
"01:32:22,977","01:32:27,314",¿Lo retiras? Me rogaste que lo contratara.
"01:32:28,190","01:32:32,570","Sé que necesitas la comisión, pero esto no es Reebok..."
"01:32:32,778","01:32:35,614",...sin un anuncio de Camel. Disculpa.
"01:32:35,906","01:32:41,036",- ¿Te puedo preguntar algo personal? - ¿Es que somos amigos?
"01:32:41,287","01:32:46,251",- ¿Qué sabes de madres solteras? - Yo fui educado por una.
"01:32:46,459","01:32:51,840","Creo que después de esto, va a tener que coger lo de San Diego."
"01:32:52,048","01:32:56,344","Para empezar, las madres solteras no salen."
"01:32:56,553","01:33:01,057",Han estado en el circo. ¿Entiendes lo que quiero decir?
"01:33:01,266","01:33:05,062",Ya conocen las marionetas y también las cuerdas.
"01:33:05,271","01:33:07,815",- ¿La quieres? - ¿Cómo puedo saberlo?
"01:33:08,024","01:33:10,234",Y no me digas que no lo sabes.
"01:33:10,443","01:33:15,156",No quiero perderla. Últimamente voy mucho a su casa.
"01:33:15,364","01:33:19,327","Venga, tío. Tienes que ser sincero con ella."
"01:33:19,535","01:33:24,041",Madres solteras son sagradas. Tienes que hablarlo con ella.
"01:33:25,876","01:33:30,881","Ella te quiere. Si tú no la quieres, tienes que decírselo."
"01:33:33,842","01:33:37,554",El chaval es genial. Es...
"01:33:39,973","01:33:42,559",Ya te entiendo.
"01:33:42,768","01:33:47,357",Pero un hombre de verdad no debe jugar con una madre soltera.
"01:33:48,483","01:33:51,653",Yo no he jugado con ella.
"01:33:56,950","01:34:01,371","Bueno vale, un poco, quizás."
"01:34:10,214","01:34:15,135",Sabes que John Coltrane dijo una vez a Miles Davis...
"01:34:15,803","01:34:20,891","Cuando le digas adiós, ten valor. Lo que tenga que ser será."
"01:34:21,100","01:34:26,439",Ya os veréis. Yo voy a perder a la única persona que me escucha.
"01:34:26,648","01:34:30,277",- En serio. - Estás haciendo lo que debes.
"01:34:30,485","01:34:33,947","Necesitas empezar una nueva vida, no ser el colchón donde él caiga."
"01:34:34,155","01:34:37,409",Ve a ver la Exhibición A en el jardín.
"01:34:39,160","01:34:42,831",- Casi hasta me cae bien el chico. - Adiós.
"01:34:43,039","01:34:44,917",Vale. Adiós.
"01:34:47,920","01:34:49,505",Adiós.
"01:34:56,429","01:35:00,141",Ya verás como te va a gustar San Diego.
"01:35:04,646","01:35:08,942",Va a ser estupendo. Harás un montón de amigos.
"01:35:09,818","01:35:14,323","- Iré a verte este fin de semana. - Vamos, vete."
"01:35:19,703","01:35:22,039","Vamos, márchate."
"01:35:32,926","01:35:37,055",- ¿Puedes conducir esta cosa? - ¿Esto? Sin problemas.
"01:35:37,263","01:35:42,310",- Te veo este fin de semana. - Súbete al camión.
"01:35:42,518","01:35:47,191",Te veo en un par de días y te quiero.
"01:35:48,525","01:35:50,611",- Yo también.
"01:35:52,279","01:35:54,114",- ¿Qué? - Nada.
"01:35:54,615","01:35:56,659",Hasta pronto.
"01:35:57,576","01:36:02,164","Mira, si este fin de semana se convierte en el mes que viene..."
"01:36:02,373","01:36:07,754","...y el mes que viene en lo que sea, no hagas de tu vida una burla."
"01:36:07,963","01:36:11,091",Vuelve a leer lo que escribiste.
"01:36:11,299","01:36:16,721",Eres mejor que los Bob Sugars. No olvides eso.
"01:36:33,990","01:36:37,702","- Espera un segundo. - No. Por favor, Dios."
"01:36:39,620","01:36:44,417","- Podemos ahorrarnos el seguro. - No le escuches, Dorothy."
"01:36:44,626","01:36:48,380",¿Qué pasa si nos quedamos juntos? ¿Qué pasa si nos casamos?
"01:36:49,715","01:36:55,137",- ¿Te quedarías? - No hagas eso. No digas eso.
"01:36:55,387","01:36:58,599","Bueno, dilo si quieres."
"01:37:04,021","01:37:05,481",¿Quieres casarte conmigo?
"01:37:11,904","01:37:13,615",¿Qué estás pensando?
"01:37:48,318","01:37:50,528","Laurel, vamos a casarnos."
"01:37:51,571","01:37:56,409","¿Jerry Maguire, aceptas a esta mujer como legítima esposa?"
"01:37:56,826","01:37:57,869",Todavía no.
"01:37:58,078","01:38:03,500","¿Y tú, Dorothy Boyd, aceptas a este hombre como legítimo esposo?"
"01:38:04,668","01:38:05,795",Casi.
"01:38:06,003","01:38:08,547",Yo os declaro marido y mujer.
"01:38:08,798","01:38:11,217","- Muy bien, cariño. - Eso es."
"01:38:50,216","01:38:52,093",Mejor voy para allá.
"01:38:54,554","01:38:57,932",Vamos hermano. Háblame.
"01:39:11,488","01:39:13,365",Lo hemos hecho.
"01:39:14,783","01:39:16,493",Está claro que sí.
"01:39:36,139","01:39:38,725","Si jodes esto, te mato."
"01:39:45,231","01:39:47,568",Qué bien que hemos hablado.
"01:39:49,737","01:39:51,822",Míralos.
"01:39:54,533","01:39:57,370",Qué guapa está.
"01:40:13,220","01:40:16,556",No puedo creer que lo grabaran.
"01:40:17,849","01:40:20,102","Oye, ése es mi hermano."
"01:40:23,313","01:40:26,985",Voy a mandarlo a la ESPN.
"01:40:28,820","01:40:34,075","- ¿Crees que es broma? - No, pero sé dónde vives."
"01:40:36,786","01:40:39,706","¿No hablaste con ella, no?"
"01:40:42,500","01:40:43,668",No.
"01:40:45,086","01:40:48,257","Bueno, esto ha sido un modo diferente de actuar."
"01:40:49,800","01:40:53,137","Hola, Dorothy, ven aquí."
"01:40:53,345","01:40:57,016",Señoras y señores: El señor y la señora Maguire.
"01:40:57,641","01:41:00,352",Va a ser una buena temporada.
"01:41:09,112","01:41:11,531","Hola, Scotty. Tidwell hizo cuatro a 36."
"01:41:14,743","01:41:16,578",- Jerry. - Dennis.
"01:41:16,828","01:41:19,205","- Jerry, está jugando bien. - Claro."
"01:41:19,623","01:41:21,833",Le vas a echar de menos el año que viene.
"01:41:22,042","01:41:25,003",Imbécil.
"01:41:27,423","01:41:31,302",Tengo un equipo estupendo. Y me encanta.
"01:41:38,100","01:41:39,810",Ahí está mi mo-fo.
"01:41:41,270","01:41:42,313",Ven aquí.
"01:41:44,231","01:41:49,279",Sé el primer hombre que deja de usar esa palabra...
"01:41:49,529","01:41:53,533",...y te dejarán vivir. Dale un beso a papá.
"01:41:56,578","01:41:57,663",Vamos.
"01:41:58,622","01:42:00,832","Vamos, Rod."
"01:42:04,044","01:42:07,047",Te vimos cojeando un poco después del primer cuarto de hora.
"01:42:07,256","01:42:08,967","Sí, yo..."
"01:42:11,427","01:42:15,431",Me torcí el tobillo.
"01:42:15,640","01:42:17,141",Muy bien. Gracias.
"01:42:17,350","01:42:22,063",Salió bien. ¿Alguien más para entrevistar? No.
"01:42:22,272","01:42:23,982",Vámonos.
"01:42:25,566","01:42:28,362",- ¿Cómo está tu cabeza? - Fatal.
"01:42:29,697","01:42:31,824","- ¿Cómo estás? - Hey, Rod."
"01:42:32,032","01:42:35,160",- ¿Qué tal va eso? - Voy haciendo.
"01:42:38,580","01:42:42,918",El mamón del defensa me va a matar.
"01:42:43,127","01:42:46,630",Está lanzando alto y en el medio.
"01:42:46,839","01:42:50,635",Me va a volar los sesos antes...
"01:42:50,844","01:42:54,014",...de que me consigas los diez millones.
"01:42:56,349","01:43:00,895",Ten cuidado en el campo. Eres toda mi lista de clientes.
"01:43:01,104","01:43:05,317",Vete a casa con tu mujer.
"01:43:05,525","01:43:08,487",- ¿A qué te refieres? - ¿Qué estás haciendo aquí?
"01:43:08,696","01:43:13,200",- Me lo podrías haber dicho por teléfono. - ¿Quieres atención personal?
"01:43:13,409","01:43:16,829",- Tú no quieres irte a casa. - ¿Qué dices?
"01:43:17,038","01:43:21,417",Estoy intentando hablar contigo. ¿Cómo va tu matrimonio?
"01:43:21,626","01:43:24,670",Eso de esposo y esposa. ¿Qué tal va?
"01:43:32,054","01:43:36,767",- No todo el mundo tiene lo que tú. - ¿Por qué te casaste?
"01:43:37,601","01:43:41,563",- Te pregunto como amigo. - ¿Quieres una respuesta?
"01:43:41,855","01:43:43,440",Por su lealtad.
"01:43:44,524","01:43:46,151",Ella es leal.
"01:43:50,698","01:43:55,119",Todo surgió de ahí.
"01:43:55,536","01:43:57,455",Sencillamente...
"01:43:58,498","01:44:00,124",...surgió.
"01:44:01,417","01:44:05,546",- ¿Eso es una respuesta? - Ésa es la respuesta.
"01:44:05,838","01:44:10,594","No suena sexy, pero es una respuesta."
"01:44:10,803","01:44:15,349","""Dile lo que ha ganado, Bob"", ""¡Un matrimonio!"""
"01:44:15,724","01:44:17,351",Mierda.
"01:44:17,601","01:44:22,439","Qué bien hacerte tanta gracia, como siempre, Rod."
"01:44:25,776","01:44:27,903",Una pregunta.
"01:44:28,153","01:44:30,156",- ¿Somos realmente amigos? - ¿Por qué no?
"01:44:30,407","01:44:35,370","Los amigos se lo cuentan todo, ¿no es cierto?"
"01:44:35,578","01:44:37,205",- Creo que sí. - De acuerdo.
"01:44:38,498","01:44:41,626",Te voy a decir por qué no consigues tus diez millones.
"01:44:41,835","01:44:46,715","Juegas por el dinero. Juegas con la cabeza, no con el corazón."
"01:44:46,923","01:44:49,218",¿En tu vida personal? Corazón.
"01:44:49,427","01:44:52,805","En el campo, sólo piensas en lo que no tienes."
"01:44:53,180","01:44:55,433",A quién culpar.
"01:44:55,641","01:44:59,854",Quién tiene el contrato que tú no tienes.
"01:45:00,062","01:45:05,067",Eso no es lo que inspira. Eso no es lo que inspira.
"01:45:05,276","01:45:09,323",Cállate. Juega con el corazón.
"01:45:09,531","01:45:13,827",Entonces tendrás el Quan. Y ésa es toda la verdad.
"01:45:14,036","01:45:18,957",¿Quieres aceptarlo? Es algo entre amigos.
"01:45:21,168","01:45:24,880","Cuando te llaman ""mierda"", yo soy el que te defiende."
"01:45:25,130","01:45:27,924",- Ya no quiero que seamos amigos. - Muy bien.
"01:45:28,133","01:45:31,554","Y no uses la palabra ""kwan"". ¡Es mía!"
"01:45:31,763","01:45:34,432",- Te veré en L.A. - ¿Con corazón?
"01:45:35,558","01:45:38,353","Soy todo corazón, gilipollas."
"01:46:16,101","01:46:20,855",- ¿Cuántas contusiones ha tenido? - No se me respeta.
"01:46:21,064","01:46:23,024",Estoy creando milagros.
"01:46:41,419","01:46:45,756","Fui a ver esa película, supuestamente para negros."
"01:46:46,215","01:46:49,468",Menos sal. Es el partido más importante de la temporada.
"01:46:49,677","01:46:53,432",No quiero que te deshidrates para el partido del lunes.
"01:46:55,559","01:47:00,856",20 minutos anunciando películas. Todas de negros y de violencia.
"01:47:01,064","01:47:06,236",- Hermanos disparando a hermanos. - No me gusta que salgas sola.
"01:47:06,445","01:47:10,742","- Ay, corazón. - Mi reina de piscis."
"01:47:13,328","01:47:15,830",No me gusta ver películas sin ti.
"01:47:18,750","01:47:21,586",Ya no lo haré más ¿vale?
"01:47:31,013","01:47:33,474",- Mi bebé. - Corazón.
"01:47:36,560","01:47:39,188","- ¿Ahora? - Sí, ahora."
"01:47:40,856","01:47:44,818","- Ray, nos tenemos que ir. - ¿Los tienes?"
"01:47:45,027","01:47:47,863",¿Admiten Visa? Cójanla.
"01:47:49,239","01:47:51,493",¿En qué pensabas esta noche...
"01:47:51,701","01:47:56,665",...viéndolos en esa situación?
"01:47:56,915","01:47:59,876","Pensaba: ""Espero que no se lesione""."
"01:48:02,087","01:48:03,838",Me sentí responsable.
"01:48:05,548","01:48:10,178",A veces no me puedo ni imaginar lo que estás pensando.
"01:48:16,269","01:48:19,563",Y todavía no conozco tus ruidos.
"01:48:20,398","01:48:25,820","- Bueno, cuando quieras, pregunta. - Vale, lo haré."
"01:48:27,154","01:48:29,365",Lo acabo de hacer.
"01:48:34,579","01:48:37,416",- ¿Por qué me quieres? - ¿Por qué me quieres?
"01:48:38,709","01:48:40,544",¿Puedo venir a ver la TV?
"01:48:40,919","01:48:43,547",- En un minuto. - Sólo un ratito.
"01:49:02,900","01:49:05,028",Tranquila. No se irá.
"01:49:05,653","01:49:07,113",Ya lo sé.
"01:49:07,780","01:49:11,493",- ¿Podemos hablar de otra cosa? - No creo.
"01:49:11,702","01:49:16,707","No hablo de idioteces. Pero por eso me quieres, ¿no?"
"01:49:30,137","01:49:33,642",Estoy para dar atención personal.
"01:49:33,892","01:49:36,561",Dispón de mí las 24 horas del día.
"01:49:36,811","01:49:40,774","Mañana estoy en Phoenix, para la Noche del Fútbol."
"01:49:40,982","01:49:44,527",Puedo estar en Indiana el martes por la mañana.
"01:49:44,736","01:49:46,738",Dame sólo 20 minutos.
"01:49:47,364","01:49:50,283",No tienes que responder ahora.
"01:49:50,492","01:49:54,664",Te llamo mañana.
"01:49:55,164","01:49:58,459","Bien, gracias, Marilee."
"01:50:01,796","01:50:05,508","En Indiana, el martes. Allí estaré."
"01:50:09,720","01:50:11,013",Es mi culpa.
"01:50:13,642","01:50:14,851",¿Qué?
"01:50:15,060","01:50:18,021",Todo esto no es justo para ti.
"01:50:21,733","01:50:23,026",Ven aquí.
"01:50:24,278","01:50:27,197",Dime. Déjame ayudarte.
"01:50:27,656","01:50:31,535",Me he aprovechado de ti...
"01:50:31,743","01:50:34,289","...y encima, utilizando al niño."
"01:50:34,539","01:50:39,627",Ha sido como una especie de inercia. Yo pensé...
"01:50:39,877","01:50:44,507",...que estaba lo bastante enamorada para los dos.
"01:50:45,800","01:50:48,553",Me lancé con tu proposición...
"01:50:48,761","01:50:52,015",...siendo todo hipotético.
"01:50:54,601","01:50:56,603",Yo soy la responsable.
"01:50:57,021","01:51:00,357",Y al menos puedo arreglarlo.
"01:51:01,233","01:51:03,944",No soy de los que huyen.
"01:51:04,194","01:51:05,988",Aguanto.
"01:51:08,115","01:51:11,201",No necesito que aguantes.
"01:51:11,785","01:51:14,873",¿Qué quieres? ¿Mi alma?
"01:51:15,081","01:51:20,503",- ¿Por qué no? Me lo merezco. - ¿Y qué pasa si yo no soy así?
"01:51:22,881","01:51:26,843",- Creo que hemos cometido un error. - ¿Qué pasa si es verdad?
"01:51:29,179","01:51:32,516","""Soy bueno como amigo y fatal en una relación""."
"01:51:32,725","01:51:36,687",El tema de la película de mi fiesta de soltero.
"01:51:36,896","01:51:41,692",Ya lo sé. Me la sé de memoria.
"01:51:45,154","01:51:48,532",- No me gusta abandonar. - Por favor.
"01:51:50,159","01:51:55,207",Mi manía de sacar lo mejor de las cosas y tú tan responsable...
"01:51:55,415","01:52:00,212","Si no hacemos algo ahora, podemos perder años..."
"01:52:00,420","01:52:02,297",...sólo por educación.
"01:52:04,299","01:52:08,971",Vamos a llamar las cosas por su nombre:
"01:52:10,180","01:52:12,516",Una pausa larga y agradable.
"01:52:20,942","01:52:22,735",¿Qué pasa con Ray?
"01:52:26,656","01:52:29,200",Podéis seguir siendo amigos.
"01:52:30,326","01:52:31,911",¿Amigos?
"01:52:36,500","01:52:40,921",- Por supuesto que seréis amigos. - Lo llevaré al zoo.
"01:52:45,134","01:52:48,220",Esta pausa es una ruptura.
"01:52:48,429","01:52:52,975","Por favor, no es fácil para mí."
"01:52:53,893","01:52:56,730",A simple vista todo parece perfecto.
"01:52:57,605","01:53:00,692",Tengo un marido formidable...
"01:53:01,526","01:53:04,446",...que quiere a mi hijo.
"01:53:06,781","01:53:09,659",Y le gusto un montón.
"01:53:16,208","01:53:19,045",Y yo no puedo vivir así.
"01:53:22,048","01:53:24,884",No soy de esa manera.
"01:53:57,502","01:54:02,215","Si aquí no hay nada, lo demás no tiene sentido."
"01:54:24,321","01:54:26,824",Sólo fue una declaración de objetivos.
"01:54:42,841","01:54:44,968",Levanta los brazos por favor.
"01:54:58,941","01:55:03,029","Hey Rod, ¿qué tal estás? ¿Cómo va todo?"
"01:55:03,321","01:55:05,197",Lárgate.
"01:55:07,867","01:55:11,245",- ¿Dónde está tu agente? - No lo sé.
"01:55:11,829","01:55:16,543",Deberías estar con los grandes. Y con la pasta gansa.
"01:55:16,752","01:55:21,131",- Tú eres Rod Tidwell. - Aléjate de mi hombre.
"01:55:21,340","01:55:25,469",- Sólo estaba negociando. - Lárgate. Desaparece.
"01:55:25,677","01:55:30,015",Es una buena oportunidad para ti. Utilízala bien.
"01:55:32,142","01:55:35,188","Llámame, Rod. Saluda a Marcee."
"01:55:42,945","01:55:45,782",- Gracias por haber venido. - Te echaba de menos.
"01:55:48,409","01:55:52,121",¿Qué puedo decirte? Tú eres todo lo que tengo.
"01:55:54,415","01:55:59,838","Aquí Frank Gifford desde Tempe, el estadio de los Diablos del Sol."
"01:56:00,089","01:56:04,635",Los Cardinals todavía están dispuestos para los play off.
"01:56:04,843","01:56:09,598",La razón de ello es el juego ex cepcional de Rod Tidwell.
"01:56:09,807","01:56:11,892",También hablaremos de eso.
"01:56:12,101","01:56:15,730",Los Cowboys están a punto. Saben que están en los play off.
"01:56:15,939","01:56:18,984",Vamos a un Super Bowl consecutivo.
"01:56:19,401","01:56:22,696",Si Arizona gana esta noche y la próxima semana...
"01:56:22,904","01:56:28,326","... llegarán a los play off, por primera vez en 21 años."
"01:56:29,077","01:56:32,747",No lo eches a perder.
"01:56:33,290","01:56:37,503",¿Qué pasa? Siempre está nervioso cuando se televisa el juego.
"01:56:37,712","01:56:42,508",Los Cowboys siguen con su misión para la Noche del Futbol.
"01:56:50,057","01:56:52,393","- Hola, Shannon. - Hola, buen juego."
"01:56:52,643","01:56:55,731",- Buen artículo esta mañana. - Gracias.
"01:57:01,153","01:57:02,529","¡Que te jodan, capullo!"
"01:57:09,786","01:57:12,164",Un combate con uñas y dientes.
"01:57:12,372","01:57:16,628",Los Cardinals se niegan a aceptar la calma chicha...
"01:57:16,836","01:57:21,674",...de la temporada. Estoy tratando de ser poético.
"01:57:21,883","01:57:23,885",Tranquilo Al. Tranquilo.
"01:57:26,012","01:57:28,014",Una dura entrada sobre Tidwell.
"01:57:28,222","01:57:29,641",Eso no tiene nada de poético.
"01:57:29,807","01:57:34,354",- Yo habría hecho touch down. - Es su sexta captura de la noche.
"01:57:34,562","01:57:37,399",Se abre a la derecha.
"01:57:37,608","01:57:40,194",En la línea de 19 yardas.
"01:57:40,402","01:57:45,783",- Otro placaje a Tidwell.
"01:57:45,991","01:57:48,661",Están castigando a Tidwell.
"01:57:48,869","01:57:53,707",- ¿Qué dice papá siempre? - No es tan malo como parece.
"01:57:54,458","01:57:56,962",Se va a matar.
"01:57:57,170","01:57:59,130",- ¿Quieres callarte? - ¿Qué dije?
"01:57:59,339","01:58:02,676",Quedan dos minutos y Dallas gana sólo por tres.
"01:58:02,884","01:58:07,389",Segundo down y una yarda en la línea de 11 de Dallas.
"01:58:07,597","01:58:11,059",Swenson prepara el pase.
"01:58:11,267","01:58:14,187",Se va al suelo.
"01:58:14,396","01:58:17,650",Bien hecho.
"01:58:17,858","01:58:22,655",Swenson tenía demasiados hombres en esa posición.
"01:58:24,573","01:58:27,702","90 al corte, X fuera con el uno, ¿listos?"
"01:58:29,328","01:58:31,080",¡Allá vamos!
"01:58:31,288","01:58:34,250",Qué oportunidad.
"01:58:34,458","01:58:37,796",Ahora han pasado al tercero y siete.
"01:58:38,005","01:58:43,010","Dallas 17, Arizona 14."
"01:58:43,510","01:58:47,389",Tidwell se mueve. Va hacia su izquierda.
"01:58:47,597","01:58:52,477",Swenson pone a uno en la meta.
"01:58:52,686","01:58:55,230",Tidwell. Gol de Cardinals.
"01:58:55,439","01:58:59,152",- ¿Le viste agarrado a la pelota? - No la soltaba.
"01:58:59,360","01:59:03,990",Pero no se levanta del suelo. Ha tenido una mala caída.
"01:59:04,198","01:59:08,661",- Ha podido controlar la pelota. - Se ha hecho daño.
"01:59:08,870","01:59:10,538",No se levanta.
"01:59:10,747","01:59:15,668","- Los jugadores están preocupados. - Levántate, corazón."
"01:59:17,004","01:59:20,424",El entrenador salta al campo tras la novena captura de Tidwell.
"01:59:20,633","01:59:24,219","- Oh, Dios mío. - Le da ventaja a Arizona."
"01:59:32,353","01:59:36,315","- ¿Me oyes, Rod? - ¡Parpadea! ¡Vamos, parpadea!"
"01:59:43,823","01:59:47,369",Anuncios. Déjame ver lo que le pasa a mi marido.
"01:59:47,577","01:59:50,747",- Dije que la NFL era demasiado para él. - Cállate.
"01:59:50,955","01:59:55,752","- Es la pura verdad. - ¡Tee Pee, cierra la boca!"
"01:59:55,960","02:00:01,342",¿Dónde está tu lealtad de hermano? Lárgate de esta casa.
"02:00:02,051","02:00:05,429",¿Hola? No cuelgues. Es Jerry Maguire.
"02:00:06,430","02:00:07,807",Desgraciado.
"02:00:10,101","02:00:13,437","Jerry, me vuelvo loca."
"02:00:13,646","02:00:16,190","Marcee, está inconsciente."
"02:00:16,399","02:00:21,113",Cálmate. Te llamo en seguida.
"02:00:21,321","02:00:23,991",Tenemos buenos médicos.
"02:00:24,199","02:00:27,995",Tienes que decirme una cosa. No entiendo nada.
"02:00:28,203","02:00:32,833",Cálmate. Tu familia lo necesita.
"02:00:33,333","02:00:37,295",Esta familia es mi vida entera...
"02:00:37,505","02:00:40,550",...y no funciona sin él.
"02:00:41,259","02:00:45,638",Todos los ojos en el estadio están puestos en Rod Tidwell.
"02:00:45,847","02:00:49,726",Lamento mucho lo que dije sobre tu trabajo.
"02:00:49,934","02:00:53,688",Haz lo que sea para ponerme con Rod.
"02:00:53,896","02:00:58,152","Haz lo que sea, por favor Jerry."
"02:00:58,736","02:01:03,657",S ólo podemos esperar que su familia no lo esté viendo.
"02:01:04,825","02:01:08,078",Podría ser el cuello. O la espalda.
"02:01:12,082","02:01:15,169",Parpadea. Despierta.
"02:01:17,171","02:01:19,466",Te queremos Rod.
"02:01:29,225","02:01:31,227",¿Me oyes?
"02:01:31,853","02:01:33,563",¿Me oyes?
"02:01:33,772","02:01:36,232",¿Sabes dónde estás?
"02:01:36,441","02:01:39,445",El entrenador está intentando reanimar a Tidwell.
"02:01:39,654","02:01:41,989",Nos encantaría ver algo de movimiento.
"02:01:42,198","02:01:45,493",- Rod. - Vamos a sacarlo de aquí.
"02:01:45,701","02:01:48,829",- No. - Sacadlo de aquí.
"02:01:49,038","02:01:53,751","Espera, espera. Déjame disfrutar de esto un momento."
"02:01:53,959","02:01:58,340",Estamos esperando un movimiento. ¿Está moviendo la cabeza?
"02:01:59,091","02:02:01,134",Intenta levantarse.
"02:02:02,844","02:02:04,388",Se está levantando.
"02:02:12,938","02:02:16,024","¡Mírale! Oh, mami, él está bien."
"02:02:20,029","02:02:22,907",El estadio entero está en pie.
"02:02:23,116","02:02:25,743",Está en pie y al público le encanta.
"02:02:54,189","02:02:59,612",Aquí tenemos a un hombre que es muy polémico con la prensa.
"02:03:15,045","02:03:18,590",- Nos alegramos por ti. - Le darán una falta.
"02:03:18,798","02:03:20,634",¡Qué importa!
"02:03:20,843","02:03:22,636",CONFIAMOS EN ROD
"02:03:36,067","02:03:39,154","- Enhorabuena, Jerry. - Gracias."
"02:03:40,238","02:03:42,074",- Enhorabuena. - Gracias.
"02:03:50,207","02:03:52,501",Pagarás por esto.
"02:03:52,709","02:03:55,420",Ya lo sé.
"02:04:15,316","02:04:17,318",¿Dónde está Jerry?
"02:04:37,214","02:04:39,008",Lo conseguiste.
"02:04:39,425","02:04:41,094",Fuiste tú.
"02:04:42,804","02:04:45,890",¿Por qué no tenemos esa clase de relación?
"02:04:54,816","02:04:57,152",¿Es tu teléfono o el mío?
"02:05:00,364","02:05:01,949",¿Dorothy?
"02:05:03,200","02:05:06,329","Marcee, está aquí a mi lado."
"02:05:06,579","02:05:10,291",Es Marcee. No pudo comunicarse con tu teléfono.
"02:05:12,668","02:05:17,214",Lo conseguimos. Te quiero tanto.
"02:05:21,636","02:05:23,638",Te quiero.
"02:05:28,685","02:05:32,064","Te quiero, Tyson."
"02:05:32,272","02:05:34,900",¿Cómo está el bebé? ¿Y Katie?
"02:05:35,609","02:05:38,445",Te quiero tanto.
"02:05:40,030","02:05:43,242",Sabes que no me ocurrirá nada.
"02:05:51,626","02:05:56,631","El problema, como tú decías, son los biorritmos."
"02:05:58,049","02:06:01,178",Los circuitos neurales están fijados...
"02:06:01,387","02:06:06,225",...y es muy difícil cambiar a la gente.
"02:06:09,895","02:06:14,566","Lo siento, estas tontas vacaciones me hacen sentir más divorciada."
"02:06:15,025","02:06:19,738","Las canciones, el chocolate..."
"02:06:35,755","02:06:38,717",Tengo que confesar una cosa.
"02:06:39,217","02:06:44,098",He escuchado todas vuestras historias para llorar.
"02:06:44,306","02:06:46,684",He juzgado demasiado.
"02:06:46,892","02:06:51,188",Quizás tenéis razón. El hombre es el enemigo.
"02:06:51,397","02:06:54,984","No, no es el enemigo."
"02:06:55,234","02:06:58,529","Pero aún así, yo amo al enemigo."
"02:07:12,461","02:07:13,754",Hola.
"02:07:16,214","02:07:18,592",Estoy buscando a mi mujer.
"02:07:31,105","02:07:32,273",Espera.
"02:07:42,576","02:07:47,122","Si esto es lo que tiene que pasar, es aquí donde tiene que pasar."
"02:07:48,248","02:07:53,170",No voy a dejar que te libres de mí. ¿Qué te parece?
"02:07:58,759","02:08:02,931",Las salas de estar solían ser mi especialidad.
"02:08:03,139","02:08:04,766",Lo hacía solo.
"02:08:05,558","02:08:07,560","Y ahora, sencillamente..."
"02:08:13,608","02:08:15,068",No sé.
"02:08:20,573","02:08:22,368",Esta noche...
"02:08:23,285","02:08:28,624",...nuestra pequeña empresa ha tenido un gran éxito.
"02:08:29,125","02:08:33,421","Una noche muy, muy buena."
"02:08:36,382","02:08:38,426",Pero no ha sido completa.
"02:08:40,928","02:08:46,560",Ha estado a punto de ser completa.
"02:08:47,019","02:08:49,688",Pero no he podido compartirla contigo.
"02:08:51,023","02:08:53,066",No he oído tu voz.
"02:08:55,402","02:08:58,030",No he podido reír por ello contigo.
"02:09:00,407","02:09:03,578",He echado de menos a mi mujer.
"02:09:19,927","02:09:25,142",Vivimos en un mundo cínico.
"02:09:25,642","02:09:30,356",Y estamos en un negocio de duros competidores.
"02:09:40,032","02:09:41,825",Te quiero.
"02:09:42,076","02:09:43,495",Tú...
"02:09:45,205","02:09:47,040",...me completas.
"02:09:48,458","02:09:50,543",- Y yo sólo quiero... - Cállate.
"02:09:51,920","02:09:53,505",Cállate.
"02:09:54,214","02:09:56,424","Con decir ""hola"", ya bastaba."
"02:09:57,634","02:09:59,969","Con decir ""hola"", ya bastaba."
"02:10:12,566","02:10:15,277",Qué buen grupo de discusión.
"02:10:15,486","02:10:20,199",Tu padre se fue el día de Noche Buena y dejó a la familia.
"02:10:20,408","02:10:24,871",Tu madre fregaba escaleras para pagar tu educación.
"02:10:25,288","02:10:28,667",Tu hermano perdió una pierna.
"02:10:28,875","02:10:32,963",Has tenido una vida muy dura.
"02:10:33,171","02:10:36,842","- No voy a llorar, Roy. - Bueno, tengo buenas noticias."
"02:10:37,050","02:10:39,928",Me acaban de entregar una nota firmada.
"02:10:40,137","02:10:44,350","Tengo aquí un contrato para ti, para los Arizona Cardinals. Cuatro años."
"02:10:44,559","02:10:49,689","11,2 millones y jugarás en tu propio estado."
"02:10:49,897","02:10:51,858",¿Qué te parece?
"02:11:11,962","02:11:16,592",Amo a todo el mundo. Quiero a mi mujer. Marcee.
"02:11:17,843","02:11:21,930",Quiero a mis hijos. Tyson y mi nuevo bebé.
"02:11:22,139","02:11:27,270","Mi hermano mayor y mi hermano pequeño, Tee Pee."
"02:11:27,479","02:11:31,232","Tú eres combativo, pero te quiero."
"02:11:31,441","02:11:34,569",Quiero a mis compañeros.
"02:11:34,819","02:11:40,075",- Sólo tenemos media hora. - Con amor a mi línea ofensiva.
"02:11:41,076","02:11:45,289","Jerry, enhorabuena. Buen trabajo."
"02:11:45,956","02:11:50,086","- ¿Recuerdas a Troy del Super Bowl? - Sí, nos conocimos en el 93."
"02:11:50,336","02:11:53,881",- Me gustó tu declaración. - Gracias.
"02:11:54,215","02:11:59,220",- Por fin conseguimos a los Cardinals. - Ya no nos queda tiempo.
"02:11:59,428","02:12:01,347","Espera, se me olvida alguien."
"02:12:03,057","02:12:05,102",Jerry Maguire...
"02:12:05,811","02:12:07,604",...mi representante.
"02:12:10,774","02:12:13,860","Tío, tú eres mi embajador del Quan."
"02:12:15,404","02:12:19,491","Rod, muchas gracias. Volvemos en seguida."
"02:12:23,328","02:12:27,834","- ¿Te gustó el zoo, chaval? - Ha sido genial."
"02:12:28,042","02:12:30,128","Uno, dos, tres."
"02:12:33,631","02:12:35,842","Eh chico, tira la pelota."
"02:12:45,978","02:12:47,312","Buen lanzamiento, muchacho."
"02:12:50,357","02:12:52,026",¿Has visto eso?
"02:12:52,693","02:12:55,362","Oh, no. Vámonos."
"02:12:55,779","02:13:00,784",¿Qué? No vamos a lanzarlo a la final mañana...
"02:13:00,993","02:13:03,787",...pero está claro que tiene talento.
"02:13:03,996","02:13:08,501",Conozco personas adecuadas.
"02:13:21,514","02:13:24,560",No tengo todas las respuestas.
"02:13:24,810","02:13:30,232","En la vida, he tenido tantos fracasos como éxitos."
"02:13:30,566","02:13:34,111","Pero amo a mi mujer, amo mi vida..."
"02:13:34,320","02:13:37,156",...y te deseo mi tipo de éxito.
